objective_value,dual_bound,solution,time,termination,nodes
0.0,0.0,0.0,2.6292109999999997,OPTIMAL,1
0.0,0.0,0.0,2.6292109999999997,OPTIMAL,1
0.0,0.0,0.0,2.6292109999999997,OPTIMAL,1
0.0,0.0,0.0,2.6292109999999997,OPTIMAL,1
0.0,0.0,0.0,2.6292109999999997,OPTIMAL,1
0.0,0.0,-0.0,2.6292109999999997,OPTIMAL,1
0.0,0.0,0.8,2.6292109999999997,OPTIMAL,1
0.0,0.0,0.0,2.6292109999999997,OPTIMAL,1
0.0,0.0,0.0,2.6292109999999997,OPTIMAL,1
0.0,0.0,3.44175730432928,2.6292109999999997,OPTIMAL,1
0.0,0.0,0.0,2.6292109999999997,OPTIMAL,1
0.0,0.0,-0.0,2.6292109999999997,OPTIMAL,1
0.0,0.0,-0.0,2.6292109999999997,OPTIMAL,1
0.0,0.0,0.0,2.6292109999999997,OPTIMAL,1
0.0,0.0,-0.0,2.6292109999999997,OPTIMAL,1
0.0,0.0,-0.0,2.6292109999999997,OPTIMAL,1
0.0,0.0,-0.0,2.6292109999999997,OPTIMAL,1
0.0,0.0,-0.0,2.6292109999999997,OPTIMAL,1
0.0,0.0,0.0,2.6292109999999997,OPTIMAL,1
0.0,0.0,0.0,2.6292109999999997,OPTIMAL,1
0.0,0.0,-0.0,2.6292109999999997,OPTIMAL,1
0.0,0.0,0.0,2.6292109999999997,OPTIMAL,1
0.0,0.0,0.0,2.6292109999999997,OPTIMAL,1
0.0,0.0,0.0,2.6292109999999997,OPTIMAL,1
0.0,0.0,0.0,2.6292109999999997,OPTIMAL,1
0.0,0.0,-0.0,2.6292109999999997,OPTIMAL,1
0.0,0.0,0.0,2.6292109999999997,OPTIMAL,1
0.0,0.0,0.0,2.6292109999999997,OPTIMAL,1
0.0,0.0,0.0,2.6292109999999997,OPTIMAL,1
0.0,0.0,0.0,2.6292109999999997,OPTIMAL,1
0.0,0.0,0.0,2.6292109999999997,OPTIMAL,1
0.0,0.0,-0.0,2.6292109999999997,OPTIMAL,1
0.0,0.0,0.0,2.6292109999999997,OPTIMAL,1
0.0,0.0,0.0,2.6292109999999997,OPTIMAL,1
0.0,0.0,-0.0,2.6292109999999997,OPTIMAL,1
0.0,0.0,0.0,2.6292109999999997,OPTIMAL,1
0.0,0.0,0.0,2.6292109999999997,OPTIMAL,1
0.0,0.0,0.0,2.6292109999999997,OPTIMAL,1
0.0,0.0,0.0,2.6292109999999997,OPTIMAL,1
0.0,0.0,0.0,2.6292109999999997,OPTIMAL,1
0.0,0.0,0.0,2.6292109999999997,OPTIMAL,1
0.0,0.0,0.0,2.6292109999999997,OPTIMAL,1
0.0,0.0,0.0,2.6292109999999997,OPTIMAL,1
0.0,0.0,0.0,2.6292109999999997,OPTIMAL,1
0.0,0.0,0.0,2.6292109999999997,OPTIMAL,1
0.0,0.0,0.0,2.6292109999999997,OPTIMAL,1
0.0,0.0,0.0,2.6292109999999997,OPTIMAL,1
0.0,0.0,0.0,2.6292109999999997,OPTIMAL,1
0.0,0.0,0.0,2.6292109999999997,OPTIMAL,1
0.0,0.0,0.0,2.6292109999999997,OPTIMAL,1
0.0,0.0,0.0,2.6292109999999997,OPTIMAL,1
0.0,0.0,0.0,2.6292109999999997,OPTIMAL,1
0.0,0.0,0.0,2.6292109999999997,OPTIMAL,1
0.0,0.0,0.0,2.6292109999999997,OPTIMAL,1
0.0,0.0,0.0,2.6292109999999997,OPTIMAL,1
0.0,0.0,0.0,2.6292109999999997,OPTIMAL,1
0.0,0.0,0.0,2.6292109999999997,OPTIMAL,1
0.0,0.0,-0.0,2.6292109999999997,OPTIMAL,1
0.0,0.0,0.0,2.6292109999999997,OPTIMAL,1
0.0,0.0,0.0,2.6292109999999997,OPTIMAL,1
0.0,0.0,0.0,2.6292109999999997,OPTIMAL,1
0.0,0.0,0.0,2.6292109999999997,OPTIMAL,1
0.0,0.0,-0.0,2.6292109999999997,OPTIMAL,1
0.0,0.0,-0.0,2.6292109999999997,OPTIMAL,1
0.0,0.0,0.0,2.6292109999999997,OPTIMAL,1
0.0,0.0,0.0,2.6292109999999997,OPTIMAL,1
0.0,0.0,-0.0,2.6292109999999997,OPTIMAL,1
0.0,0.0,0.0,2.6292109999999997,OPTIMAL,1
0.0,0.0,0.0,2.6292109999999997,OPTIMAL,1
0.0,0.0,-0.0,2.6292109999999997,OPTIMAL,1
0.0,0.0,0.0,2.6292109999999997,OPTIMAL,1
0.0,0.0,0.0,2.6292109999999997,OPTIMAL,1
0.0,0.0,-0.0,2.6292109999999997,OPTIMAL,1
0.0,0.0,-0.0,2.6292109999999997,OPTIMAL,1
0.0,0.0,0.0,2.6292109999999997,OPTIMAL,1
0.0,0.0,0.0,2.6292109999999997,OPTIMAL,1
0.0,0.0,0.0,2.6292109999999997,OPTIMAL,1
0.0,0.0,0.0,2.6292109999999997,OPTIMAL,1
0.0,0.0,0.0,2.6292109999999997,OPTIMAL,1
0.0,0.0,0.0,2.6292109999999997,OPTIMAL,1
0.0,0.0,0.0,2.6292109999999997,OPTIMAL,1
0.0,0.0,0.0,2.6292109999999997,OPTIMAL,1
0.0,0.0,0.0,2.6292109999999997,OPTIMAL,1
0.0,0.0,0.0,2.6292109999999997,OPTIMAL,1
0.0,0.0,0.0,2.6292109999999997,OPTIMAL,1
0.0,0.0,0.0,2.6292109999999997,OPTIMAL,1
0.0,0.0,-0.0,2.6292109999999997,OPTIMAL,1
0.0,0.0,0.0,2.6292109999999997,OPTIMAL,1
0.0,0.0,0.0,2.6292109999999997,OPTIMAL,1
0.0,0.0,0.0,2.6292109999999997,OPTIMAL,1
0.0,0.0,-0.0,2.6292109999999997,OPTIMAL,1
0.0,0.0,0.0,2.6292109999999997,OPTIMAL,1
0.0,0.0,0.0,2.6292109999999997,OPTIMAL,1
0.0,0.0,0.0,2.6292109999999997,OPTIMAL,1
0.0,0.0,0.0,2.6292109999999997,OPTIMAL,1
0.0,0.0,0.0,2.6292109999999997,OPTIMAL,1
0.0,0.0,0.0,2.6292109999999997,OPTIMAL,1
0.0,0.0,0.0,2.6292109999999997,OPTIMAL,1
0.0,0.0,0.0,2.6292109999999997,OPTIMAL,1
0.0,0.0,0.0,2.6292109999999997,OPTIMAL,1
0.0,0.0,0.0,2.6292109999999997,OPTIMAL,1
0.0,0.0,0.0,2.6292109999999997,OPTIMAL,1
0.0,0.0,0.0,2.6292109999999997,OPTIMAL,1
0.0,0.0,-0.0,2.6292109999999997,OPTIMAL,1
0.0,0.0,0.0,2.6292109999999997,OPTIMAL,1
0.0,0.0,0.0,2.6292109999999997,OPTIMAL,1
0.0,0.0,-0.0,2.6292109999999997,OPTIMAL,1
0.0,0.0,0.0,2.6292109999999997,OPTIMAL,1
0.0,0.0,0.0,2.6292109999999997,OPTIMAL,1
0.0,0.0,0.0,2.6292109999999997,OPTIMAL,1
0.0,0.0,0.0,2.6292109999999997,OPTIMAL,1
0.0,0.0,0.0,2.6292109999999997,OPTIMAL,1
0.0,0.0,0.0,2.6292109999999997,OPTIMAL,1
0.0,0.0,-0.0,2.6292109999999997,OPTIMAL,1
0.0,0.0,0.0,2.6292109999999997,OPTIMAL,1
0.0,0.0,-0.0,2.6292109999999997,OPTIMAL,1
0.0,0.0,0.0,2.6292109999999997,OPTIMAL,1
0.0,0.0,0.0,2.6292109999999997,OPTIMAL,1
0.0,0.0,0.0,2.6292109999999997,OPTIMAL,1
0.0,0.0,0.0,2.6292109999999997,OPTIMAL,1
0.0,0.0,0.0,2.6292109999999997,OPTIMAL,1
0.0,0.0,0.0,2.6292109999999997,OPTIMAL,1
0.0,0.0,-0.0,2.6292109999999997,OPTIMAL,1
0.0,0.0,-0.0,2.6292109999999997,OPTIMAL,1
0.0,0.0,0.0,2.6292109999999997,OPTIMAL,1
0.0,0.0,0.0,2.6292109999999997,OPTIMAL,1
0.0,0.0,-0.0,2.6292109999999997,OPTIMAL,1
0.0,0.0,0.0,2.6292109999999997,OPTIMAL,1
0.0,0.0,0.0,2.6292109999999997,OPTIMAL,1
0.0,0.0,0.0,2.6292109999999997,OPTIMAL,1
0.0,0.0,0.0,2.6292109999999997,OPTIMAL,1
0.0,0.0,0.0,2.6292109999999997,OPTIMAL,1
0.0,0.0,0.0,2.6292109999999997,OPTIMAL,1
0.0,0.0,-0.0,2.6292109999999997,OPTIMAL,1
0.0,0.0,0.0,2.6292109999999997,OPTIMAL,1
0.0,0.0,0.0,2.6292109999999997,OPTIMAL,1
0.0,0.0,0.0,2.6292109999999997,OPTIMAL,1
0.0,0.0,-0.0,2.6292109999999997,OPTIMAL,1
0.0,0.0,0.0,2.6292109999999997,OPTIMAL,1
0.0,0.0,0.0,2.6292109999999997,OPTIMAL,1
0.0,0.0,0.0,2.6292109999999997,OPTIMAL,1
0.0,0.0,0.0,2.6292109999999997,OPTIMAL,1
0.0,0.0,0.0,2.6292109999999997,OPTIMAL,1
0.0,0.0,0.0,2.6292109999999997,OPTIMAL,1
0.0,0.0,0.0,2.6292109999999997,OPTIMAL,1
0.0,0.0,0.0,2.6292109999999997,OPTIMAL,1
0.0,0.0,0.0,2.6292109999999997,OPTIMAL,1
0.0,0.0,0.0,2.6292109999999997,OPTIMAL,1
0.0,0.0,0.0,2.6292109999999997,OPTIMAL,1
0.0,0.0,-0.0,2.6292109999999997,OPTIMAL,1
0.0,0.0,0.0,2.6292109999999997,OPTIMAL,1
0.0,0.0,0.0,2.6292109999999997,OPTIMAL,1
0.0,0.0,0.0,2.6292109999999997,OPTIMAL,1
0.0,0.0,0.0,2.6292109999999997,OPTIMAL,1
0.0,0.0,0.0,2.6292109999999997,OPTIMAL,1
0.0,0.0,0.0,2.6292109999999997,OPTIMAL,1
0.0,0.0,0.0,2.6292109999999997,OPTIMAL,1
0.0,0.0,0.0,2.6292109999999997,OPTIMAL,1
0.0,0.0,0.0,2.6292109999999997,OPTIMAL,1
0.0,0.0,0.0,2.6292109999999997,OPTIMAL,1
0.0,0.0,0.0,2.6292109999999997,OPTIMAL,1
0.0,0.0,0.0,2.6292109999999997,OPTIMAL,1
0.0,0.0,0.0,2.6292109999999997,OPTIMAL,1
0.0,0.0,0.0,2.6292109999999997,OPTIMAL,1
0.0,0.0,0.0,2.6292109999999997,OPTIMAL,1
0.0,0.0,0.0,2.6292109999999997,OPTIMAL,1
0.0,0.0,0.0,2.6292109999999997,OPTIMAL,1
0.0,0.0,0.0,2.6292109999999997,OPTIMAL,1
0.0,0.0,0.0,2.6292109999999997,OPTIMAL,1
0.0,0.0,-0.0,2.6292109999999997,OPTIMAL,1
0.0,0.0,-0.0,2.6292109999999997,OPTIMAL,1
0.0,0.0,0.0,2.6292109999999997,OPTIMAL,1
0.0,0.0,0.0,2.6292109999999997,OPTIMAL,1
0.0,0.0,0.0,2.6292109999999997,OPTIMAL,1
0.0,0.0,-3.763083813179782,2.6292109999999997,OPTIMAL,1
0.0,0.0,0.0,2.6292109999999997,OPTIMAL,1
0.0,0.0,0.0,2.6292109999999997,OPTIMAL,1
0.0,0.0,0.0,2.6292109999999997,OPTIMAL,1
0.0,0.0,0.0,2.6292109999999997,OPTIMAL,1
0.0,0.0,0.0,2.6292109999999997,OPTIMAL,1
0.0,0.0,0.0,2.6292109999999997,OPTIMAL,1
0.0,0.0,0.0,2.6292109999999997,OPTIMAL,1
0.0,0.0,0.0,2.6292109999999997,OPTIMAL,1
0.0,0.0,0.0,2.6292109999999997,OPTIMAL,1
0.0,0.0,0.0,2.6292109999999997,OPTIMAL,1
0.0,0.0,0.0,2.6292109999999997,OPTIMAL,1
0.0,0.0,-0.0,2.6292109999999997,OPTIMAL,1
0.0,0.0,-0.0,2.6292109999999997,OPTIMAL,1
0.0,0.0,0.0,2.6292109999999997,OPTIMAL,1
0.0,0.0,0.0,2.6292109999999997,OPTIMAL,1
0.0,0.0,0.0,2.6292109999999997,OPTIMAL,1
0.0,0.0,0.0,2.6292109999999997,OPTIMAL,1
0.0,0.0,0.0,2.6292109999999997,OPTIMAL,1
0.0,0.0,0.0,2.6292109999999997,OPTIMAL,1
0.0,0.0,0.0,2.6292109999999997,OPTIMAL,1
0.0,0.0,0.0,2.6292109999999997,OPTIMAL,1
0.0,0.0,0.0,2.6292109999999997,OPTIMAL,1
0.0,0.0,0.0,2.6292109999999997,OPTIMAL,1
0.0,0.0,-0.0,2.6292109999999997,OPTIMAL,1
0.0,0.0,-1.3369161868202175,2.6292109999999997,OPTIMAL,1
0.0,0.0,0.0,2.6292109999999997,OPTIMAL,1
0.0,0.0,0.0,2.6292109999999997,OPTIMAL,1
0.0,0.0,0.0,2.6292109999999997,OPTIMAL,1
0.0,0.0,0.0,2.6292109999999997,OPTIMAL,1
0.0,0.0,0.0,2.6292109999999997,OPTIMAL,1
0.0,0.0,0.0,2.6292109999999997,OPTIMAL,1
0.0,0.0,0.0,2.6292109999999997,OPTIMAL,1
0.0,0.0,0.0,2.6292109999999997,OPTIMAL,1
0.0,0.0,0.0,2.6292109999999997,OPTIMAL,1
0.0,0.0,0.0,2.6292109999999997,OPTIMAL,1
0.0,0.0,0.0,2.6292109999999997,OPTIMAL,1
0.0,0.0,0.0,2.6292109999999997,OPTIMAL,1
0.0,0.0,0.0,2.6292109999999997,OPTIMAL,1
0.0,0.0,0.0,2.6292109999999997,OPTIMAL,1
0.0,0.0,0.0,2.6292109999999997,OPTIMAL,1
0.0,0.0,0.0,2.6292109999999997,OPTIMAL,1
0.0,0.0,0.0,2.6292109999999997,OPTIMAL,1
0.0,0.0,0.0,2.6292109999999997,OPTIMAL,1
0.0,0.0,-0.0,2.6292109999999997,OPTIMAL,1
0.0,0.0,0.0,2.6292109999999997,OPTIMAL,1
0.0,0.0,0.0,2.6292109999999997,OPTIMAL,1
0.0,0.0,0.0,2.6292109999999997,OPTIMAL,1
0.0,0.0,0.0,2.6292109999999997,OPTIMAL,1
0.0,0.0,-0.0,2.6292109999999997,OPTIMAL,1
0.0,0.0,0.0,2.6292109999999997,OPTIMAL,1
0.0,0.0,-0.0,2.6292109999999997,OPTIMAL,1
0.0,0.0,0.0,2.6292109999999997,OPTIMAL,1
0.0,0.0,-0.0,2.6292109999999997,OPTIMAL,1
0.0,0.0,0.0,2.6292109999999997,OPTIMAL,1
0.0,0.0,0.0,2.6292109999999997,OPTIMAL,1
0.0,0.0,1.0066965237790575,2.6292109999999997,OPTIMAL,1
0.0,0.0,0.0,2.6292109999999997,OPTIMAL,1
0.0,0.0,0.0,2.6292109999999997,OPTIMAL,1
0.0,0.0,-0.0,2.6292109999999997,OPTIMAL,1
0.0,0.0,0.0,2.6292109999999997,OPTIMAL,1
0.0,0.0,0.0,2.6292109999999997,OPTIMAL,1
0.0,0.0,0.0,2.6292109999999997,OPTIMAL,1
0.0,0.0,0.0,2.6292109999999997,OPTIMAL,1
0.0,0.0,2.673832373640435,2.6292109999999997,OPTIMAL,1
0.0,0.0,0.0,2.6292109999999997,OPTIMAL,1
0.0,0.0,-1.3369161868202175,2.6292109999999997,OPTIMAL,1
0.0,0.0,0.0,2.6292109999999997,OPTIMAL,1
0.0,0.0,0.0,2.6292109999999997,OPTIMAL,1
0.0,0.0,-0.0,2.6292109999999997,OPTIMAL,1
0.0,0.0,-1.3369161868202175,2.6292109999999997,OPTIMAL,1
0.0,0.0,1.089251439539347,2.6292109999999997,OPTIMAL,1
0.0,0.0,0.0,2.6292109999999997,OPTIMAL,1
0.0,0.0,0.0,2.6292109999999997,OPTIMAL,1
0.0,0.0,0.0,2.6292109999999997,OPTIMAL,1
0.0,0.0,0.0,2.6292109999999997,OPTIMAL,1
0.0,0.0,0.0,2.6292109999999997,OPTIMAL,1
0.0,0.0,0.0,2.6292109999999997,OPTIMAL,1
0.0,0.0,0.0,2.6292109999999997,OPTIMAL,1
0.0,0.0,0.0,2.6292109999999997,OPTIMAL,1
0.0,0.0,0.0,2.6292109999999997,OPTIMAL,1
0.0,0.0,0.0,2.6292109999999997,OPTIMAL,1
0.0,0.0,0.0,2.6292109999999997,OPTIMAL,1
0.0,0.0,0.0,2.6292109999999997,OPTIMAL,1
0.0,0.0,0.0,2.6292109999999997,OPTIMAL,1
0.0,0.0,0.0,2.6292109999999997,OPTIMAL,1
0.0,0.0,0.0,2.6292109999999997,OPTIMAL,1
0.0,0.0,0.0,2.6292109999999997,OPTIMAL,1
0.0,0.0,0.0,2.6292109999999997,OPTIMAL,1
0.0,0.0,0.0,2.6292109999999997,OPTIMAL,1
0.0,0.0,0.0,2.6292109999999997,OPTIMAL,1
0.0,0.0,0.0,2.6292109999999997,OPTIMAL,1
0.0,0.0,0.0,2.6292109999999997,OPTIMAL,1
0.0,0.0,0.0,2.6292109999999997,OPTIMAL,1
0.0,0.0,0.0,2.6292109999999997,OPTIMAL,1
0.0,0.0,0.0,2.6292109999999997,OPTIMAL,1
0.0,0.0,0.0,2.6292109999999997,OPTIMAL,1
0.0,0.0,0.0,2.6292109999999997,OPTIMAL,1
0.0,0.0,3.763083813179782,2.6292109999999997,OPTIMAL,1
0.0,0.0,0.0,2.6292109999999997,OPTIMAL,1
0.0,0.0,0.0,2.6292109999999997,OPTIMAL,1
0.0,0.0,0.0,2.6292109999999997,OPTIMAL,1
0.0,0.0,-0.0,2.6292109999999997,OPTIMAL,1
0.0,0.0,-1.3369161868202175,2.6292109999999997,OPTIMAL,1
0.0,0.0,-1.3369161868202175,2.6292109999999997,OPTIMAL,1
0.0,0.0,-0.0,2.6292109999999997,OPTIMAL,1
0.0,0.0,-0.0,2.6292109999999997,OPTIMAL,1
0.0,0.0,-0.0,2.6292109999999997,OPTIMAL,1
0.0,0.0,0.0,2.6292109999999997,OPTIMAL,1
0.0,0.0,1.3369161868202175,2.6292109999999997,OPTIMAL,1
0.0,0.0,0.0,2.6292109999999997,OPTIMAL,1
0.0,0.0,0.0,2.6292109999999997,OPTIMAL,1
0.0,0.0,0.0,2.6292109999999997,OPTIMAL,1
0.0,0.0,0.0,2.6292109999999997,OPTIMAL,1
0.0,0.0,0.0,2.6292109999999997,OPTIMAL,1
0.0,0.0,0.0,2.6292109999999997,OPTIMAL,1
0.0,0.0,-0.0,2.6292109999999997,OPTIMAL,1
0.0,0.0,0.0,2.6292109999999997,OPTIMAL,1
0.0,0.0,0.0,2.6292109999999997,OPTIMAL,1
0.0,0.0,0.0,2.6292109999999997,OPTIMAL,1
0.0,0.0,0.0,2.6292109999999997,OPTIMAL,1
0.0,0.0,0.0,2.6292109999999997,OPTIMAL,1
0.0,0.0,-0.0,2.6292109999999997,OPTIMAL,1
0.0,0.0,0.0,2.6292109999999997,OPTIMAL,1
0.0,0.0,0.0,2.6292109999999997,OPTIMAL,1
0.0,0.0,-0.0,2.6292109999999997,OPTIMAL,1
0.0,0.0,0.0,2.6292109999999997,OPTIMAL,1
0.0,0.0,0.0,2.6292109999999997,OPTIMAL,1
0.0,0.0,0.0,2.6292109999999997,OPTIMAL,1
0.0,0.0,0.0,2.6292109999999997,OPTIMAL,1
0.0,0.0,0.0,2.6292109999999997,OPTIMAL,1
0.0,0.0,0.0,2.6292109999999997,OPTIMAL,1
0.0,0.0,0.0,2.6292109999999997,OPTIMAL,1
0.0,0.0,-0.0,2.6292109999999997,OPTIMAL,1
0.0,0.0,0.0,2.6292109999999997,OPTIMAL,1
0.0,0.0,0.0,2.6292109999999997,OPTIMAL,1
0.0,0.0,0.0,2.6292109999999997,OPTIMAL,1
0.0,0.0,0.0,2.6292109999999997,OPTIMAL,1
0.0,0.0,0.0,2.6292109999999997,OPTIMAL,1
0.0,0.0,-0.0,2.6292109999999997,OPTIMAL,1
0.0,0.0,-0.0,2.6292109999999997,OPTIMAL,1
0.0,0.0,-0.0,2.6292109999999997,OPTIMAL,1
0.0,0.0,-0.0,2.6292109999999997,OPTIMAL,1
0.0,0.0,0.0,2.6292109999999997,OPTIMAL,1
0.0,0.0,0.0,2.6292109999999997,OPTIMAL,1
0.0,0.0,0.0,2.6292109999999997,OPTIMAL,1
0.0,0.0,0.0,2.6292109999999997,OPTIMAL,1
0.0,0.0,0.0,2.6292109999999997,OPTIMAL,1
0.0,0.0,3.885780586188048e-16,2.6292109999999997,OPTIMAL,1
0.0,0.0,2.4261676263595646,2.6292109999999997,OPTIMAL,1
0.0,0.0,0.0,2.6292109999999997,OPTIMAL,1
0.0,0.0,0.0,2.6292109999999997,OPTIMAL,1
0.0,0.0,0.0,2.6292109999999997,OPTIMAL,1
0.0,0.0,0.0,2.6292109999999997,OPTIMAL,1
0.0,0.0,-1.4859884836852153,2.6292109999999997,OPTIMAL,1
0.0,0.0,-0.0,2.6292109999999997,OPTIMAL,1
0.0,0.0,-0.0,2.6292109999999997,OPTIMAL,1
0.0,0.0,0.0,2.6292109999999997,OPTIMAL,1
0.0,0.0,0.0,2.6292109999999997,OPTIMAL,1
0.0,0.0,0.0,2.6292109999999997,OPTIMAL,1
0.0,0.0,0.0,2.6292109999999997,OPTIMAL,1
0.0,0.0,0.0,2.6292109999999997,OPTIMAL,1
0.0,0.0,-0.0,2.6292109999999997,OPTIMAL,1
0.0,0.0,0.0,2.6292109999999997,OPTIMAL,1
0.0,0.0,0.0,2.6292109999999997,OPTIMAL,1
0.0,0.0,0.0,2.6292109999999997,OPTIMAL,1
0.0,0.0,0.0,2.6292109999999997,OPTIMAL,1
0.0,0.0,-5.1,2.6292109999999997,OPTIMAL,1
0.0,0.0,0.0,2.6292109999999997,OPTIMAL,1
0.0,0.0,0.0,2.6292109999999997,OPTIMAL,1
0.0,0.0,-0.0,2.6292109999999997,OPTIMAL,1
0.0,0.0,0.0,2.6292109999999997,OPTIMAL,1
0.0,0.0,0.0,2.6292109999999997,OPTIMAL,1
0.0,0.0,-0.0,2.6292109999999997,OPTIMAL,1
0.0,0.0,-0.0,2.6292109999999997,OPTIMAL,1
0.0,0.0,0.0,2.6292109999999997,OPTIMAL,1
0.0,0.0,-0.08255491576029,2.6292109999999997,OPTIMAL,1
0.0,0.0,0.0,2.6292109999999997,OPTIMAL,1
0.0,0.0,-0.0,2.6292109999999997,OPTIMAL,1
0.0,0.0,0.0,2.6292109999999997,OPTIMAL,1
0.0,0.0,0.0,2.6292109999999997,OPTIMAL,1
0.0,0.0,0.0,2.6292109999999997,OPTIMAL,1
0.0,0.0,0.16510983152058,2.6292109999999997,OPTIMAL,1
0.0,0.0,0.0,2.6292109999999997,OPTIMAL,1
0.0,0.0,0.0,2.6292109999999997,OPTIMAL,1
0.0,0.0,0.0,2.6292109999999997,OPTIMAL,1
0.0,0.0,0.0,2.6292109999999997,OPTIMAL,1
0.0,0.0,0.0,2.6292109999999997,OPTIMAL,1
0.0,0.0,0.0,2.6292109999999997,OPTIMAL,1
0.0,0.0,0.0,2.6292109999999997,OPTIMAL,1
0.0,0.0,-0.0,2.6292109999999997,OPTIMAL,1
0.0,0.0,-0.0,2.6292109999999997,OPTIMAL,1
0.0,0.0,-0.0,2.6292109999999997,OPTIMAL,1
0.0,0.0,0.0,2.6292109999999997,OPTIMAL,1
0.0,0.0,-0.0,2.6292109999999997,OPTIMAL,1
0.0,0.0,-0.0,2.6292109999999997,OPTIMAL,1
0.0,0.0,0.0,2.6292109999999997,OPTIMAL,1
0.0,0.0,0.0,2.6292109999999997,OPTIMAL,1
0.0,0.0,0.0,2.6292109999999997,OPTIMAL,1
0.0,0.0,0.0,2.6292109999999997,OPTIMAL,1
0.0,0.0,0.0,2.6292109999999997,OPTIMAL,1
0.0,0.0,0.0,2.6292109999999997,OPTIMAL,1
0.0,0.0,0.0,2.6292109999999997,OPTIMAL,1
0.0,0.0,0.0,2.6292109999999997,OPTIMAL,1
0.0,0.0,0.0,2.6292109999999997,OPTIMAL,1
0.0,0.0,0.0,2.6292109999999997,OPTIMAL,1
0.0,0.0,0.0,2.6292109999999997,OPTIMAL,1
0.0,0.0,5.1,2.6292109999999997,OPTIMAL,1
0.0,0.0,0.0,2.6292109999999997,OPTIMAL,1
0.0,0.0,0.0,2.6292109999999997,OPTIMAL,1
0.0,0.0,0.0,2.6292109999999997,OPTIMAL,1
0.0,0.0,0.0,2.6292109999999997,OPTIMAL,1
0.0,0.0,0.0,2.6292109999999997,OPTIMAL,1
0.0,0.0,0.0,2.6292109999999997,OPTIMAL,1
0.0,0.0,0.0,2.6292109999999997,OPTIMAL,1
0.0,0.0,0.0,2.6292109999999997,OPTIMAL,1
0.0,0.0,0.0,2.6292109999999997,OPTIMAL,1
0.0,0.0,0.0,2.6292109999999997,OPTIMAL,1
0.0,0.0,0.0,2.6292109999999997,OPTIMAL,1
0.0,0.0,0.0,2.6292109999999997,OPTIMAL,1
0.0,0.0,0.0,2.6292109999999997,OPTIMAL,1
0.0,0.0,0.0,2.6292109999999997,OPTIMAL,1
0.0,0.0,0.0,2.6292109999999997,OPTIMAL,1
0.0,0.0,0.0,2.6292109999999997,OPTIMAL,1
0.0,0.0,0.0,2.6292109999999997,OPTIMAL,1
0.0,0.0,0.0,2.6292109999999997,OPTIMAL,1
0.0,0.0,-0.0,2.6292109999999997,OPTIMAL,1
0.0,0.0,0.0,2.6292109999999997,OPTIMAL,1
0.0,0.0,0.0,2.6292109999999997,OPTIMAL,1
0.0,0.0,0.0,2.6292109999999997,OPTIMAL,1
0.0,0.0,0.0,2.6292109999999997,OPTIMAL,1
0.0,0.0,0.0,2.6292109999999997,OPTIMAL,1
0.0,0.0,-0.0,2.6292109999999997,OPTIMAL,1
0.0,0.0,0.0,2.6292109999999997,OPTIMAL,1
0.0,0.0,-0.0,2.6292109999999997,OPTIMAL,1
0.0,0.0,0.0,2.6292109999999997,OPTIMAL,1
0.0,0.0,0.0,2.6292109999999997,OPTIMAL,1
0.0,0.0,0.0,2.6292109999999997,OPTIMAL,1
0.0,0.0,0.0,2.6292109999999997,OPTIMAL,1
0.0,0.0,0.0,2.6292109999999997,OPTIMAL,1
0.0,0.0,0.0,2.6292109999999997,OPTIMAL,1
0.0,0.0,0.0,2.6292109999999997,OPTIMAL,1
0.0,0.0,0.0,2.6292109999999997,OPTIMAL,1
0.0,0.0,0.0,2.6292109999999997,OPTIMAL,1
0.0,0.0,0.0,2.6292109999999997,OPTIMAL,1
0.0,0.0,0.0,2.6292109999999997,OPTIMAL,1
0.0,0.0,-0.0,2.6292109999999997,OPTIMAL,1
0.0,0.0,-0.0,2.6292109999999997,OPTIMAL,1
0.0,0.0,0.0,2.6292109999999997,OPTIMAL,1
0.0,0.0,0.0,2.6292109999999997,OPTIMAL,1
0.0,0.0,0.0,2.6292109999999997,OPTIMAL,1
0.0,0.0,-0.0,2.6292109999999997,OPTIMAL,1
0.0,0.0,0.0,2.6292109999999997,OPTIMAL,1
0.0,0.0,0.0,2.6292109999999997,OPTIMAL,1
0.0,0.0,0.0,2.6292109999999997,OPTIMAL,1
0.0,0.0,0.0,2.6292109999999997,OPTIMAL,1
0.0,0.0,0.0,2.6292109999999997,OPTIMAL,1
0.0,0.0,0.0,2.6292109999999997,OPTIMAL,1
0.0,0.0,-0.0,2.6292109999999997,OPTIMAL,1
0.0,0.0,0.0,2.6292109999999997,OPTIMAL,1
0.0,0.0,0.0,2.6292109999999997,OPTIMAL,1
0.0,0.0,0.0,2.6292109999999997,OPTIMAL,1
0.0,0.0,-1.3369161868202175,2.6292109999999997,OPTIMAL,1
0.0,0.0,-1.3369161868202175,2.6292109999999997,OPTIMAL,1
0.0,0.0,0.0,2.6292109999999997,OPTIMAL,1
0.0,0.0,0.0,2.6292109999999997,OPTIMAL,1
0.0,0.0,0.0,2.6292109999999997,OPTIMAL,1
0.0,0.0,-0.0,2.6292109999999997,OPTIMAL,1
0.0,0.0,0.0,2.6292109999999997,OPTIMAL,1
0.0,0.0,0.08255491576029,2.6292109999999997,OPTIMAL,1
0.0,0.0,0.0,2.6292109999999997,OPTIMAL,1
0.0,0.0,0.0,2.6292109999999997,OPTIMAL,1
0.0,0.0,0.0,2.6292109999999997,OPTIMAL,1
0.0,0.0,0.0,2.6292109999999997,OPTIMAL,1
0.0,0.0,0.0,2.6292109999999997,OPTIMAL,1
0.0,0.0,0.0,2.6292109999999997,OPTIMAL,1
0.0,0.0,0.0,2.6292109999999997,OPTIMAL,1
0.0,0.0,0.0,2.6292109999999997,OPTIMAL,1
0.0,0.0,2.2727575175943695,2.6292109999999997,OPTIMAL,1
0.0,0.0,0.0,2.6292109999999997,OPTIMAL,1
0.0,0.0,0.0,2.6292109999999997,OPTIMAL,1
0.0,0.0,0.0,2.6292109999999997,OPTIMAL,1
0.0,0.0,0.0,2.6292109999999997,OPTIMAL,1
0.0,0.0,0.0,2.6292109999999997,OPTIMAL,1
0.0,0.0,0.0,2.6292109999999997,OPTIMAL,1
0.0,0.0,0.0,2.6292109999999997,OPTIMAL,1
0.0,0.0,0.0,2.6292109999999997,OPTIMAL,1
0.0,0.0,0.0,2.6292109999999997,OPTIMAL,1
0.0,0.0,0.0,2.6292109999999997,OPTIMAL,1
0.0,0.0,0.0,2.6292109999999997,OPTIMAL,1
0.0,0.0,0.0,2.6292109999999997,OPTIMAL,1
0.0,0.0,0.0,2.6292109999999997,OPTIMAL,1
0.0,0.0,0.0,2.6292109999999997,OPTIMAL,1
0.0,0.0,-0.0,2.6292109999999997,OPTIMAL,1
0.0,0.0,5.1,2.6292109999999997,OPTIMAL,1
0.0,0.0,3.763083813179782,2.6292109999999997,OPTIMAL,1
0.0,0.0,0.0,2.6292109999999997,OPTIMAL,1
0.0,0.0,0.0,2.6292109999999997,OPTIMAL,1
0.0,0.0,0.0,2.6292109999999997,OPTIMAL,1
0.0,0.0,0.0,2.6292109999999997,OPTIMAL,1
0.0,0.0,0.0,2.6292109999999997,OPTIMAL,1
0.0,0.0,-0.16510983152058,2.6292109999999997,OPTIMAL,1
0.0,0.0,0.0,2.6292109999999997,OPTIMAL,1
0.0,0.0,0.08255491576029,2.6292109999999997,OPTIMAL,1
0.0,0.0,0.0,2.6292109999999997,OPTIMAL,1
0.0,0.0,0.0,2.6292109999999997,OPTIMAL,1
0.0,0.0,0.0,2.6292109999999997,OPTIMAL,1
0.0,0.0,0.0,2.6292109999999997,OPTIMAL,1
0.0,0.0,0.0,2.6292109999999997,OPTIMAL,1
0.0,0.0,0.0,2.6292109999999997,OPTIMAL,1
0.0,0.0,-2.4261676263595646,2.6292109999999997,OPTIMAL,1
0.0,0.0,0.0,2.6292109999999997,OPTIMAL,1
0.0,0.0,0.0,2.6292109999999997,OPTIMAL,1
0.0,0.0,0.0,2.6292109999999997,OPTIMAL,1
0.0,0.0,0.0,2.6292109999999997,OPTIMAL,1
0.0,0.0,0.0,2.6292109999999997,OPTIMAL,1
0.0,0.0,0.0,2.6292109999999997,OPTIMAL,1
0.0,0.0,0.0,2.6292109999999997,OPTIMAL,1
0.0,0.0,0.0,2.6292109999999997,OPTIMAL,1
0.0,0.0,0.0,2.6292109999999997,OPTIMAL,1
0.0,0.0,-0.0,2.6292109999999997,OPTIMAL,1
0.0,0.0,1.0892514395393476,2.6292109999999997,OPTIMAL,1
0.0,0.0,0.0,2.6292109999999997,OPTIMAL,1
0.0,0.0,0.0,2.6292109999999997,OPTIMAL,1
0.0,0.0,0.0,2.6292109999999997,OPTIMAL,1
0.0,0.0,0.0,2.6292109999999997,OPTIMAL,1
0.0,0.0,0.0,2.6292109999999997,OPTIMAL,1
0.0,0.0,0.0,2.6292109999999997,OPTIMAL,1
0.0,0.0,0.0,2.6292109999999997,OPTIMAL,1
0.0,0.0,0.0,2.6292109999999997,OPTIMAL,1
0.0,0.0,0.0,2.6292109999999997,OPTIMAL,1
0.0,0.0,0.0,2.6292109999999997,OPTIMAL,1
0.0,0.0,0.0,2.6292109999999997,OPTIMAL,1
0.0,0.0,0.0,2.6292109999999997,OPTIMAL,1
0.0,0.0,0.0,2.6292109999999997,OPTIMAL,1
0.0,0.0,0.0,2.6292109999999997,OPTIMAL,1
0.0,0.0,0.0,2.6292109999999997,OPTIMAL,1
0.0,0.0,0.0,2.6292109999999997,OPTIMAL,1
0.0,0.0,0.0,2.6292109999999997,OPTIMAL,1
0.0,0.0,0.0,2.6292109999999997,OPTIMAL,1
0.0,0.0,0.0,2.6292109999999997,OPTIMAL,1
0.0,0.0,-0.0,2.6292109999999997,OPTIMAL,1
0.0,0.0,0.0,2.6292109999999997,OPTIMAL,1
0.0,0.0,0.0,2.6292109999999997,OPTIMAL,1
0.0,0.0,0.0,2.6292109999999997,OPTIMAL,1
0.0,0.0,0.0,2.6292109999999997,OPTIMAL,1
0.0,0.0,0.0,2.6292109999999997,OPTIMAL,1
0.0,0.0,0.0,2.6292109999999997,OPTIMAL,1
0.0,0.0,0.0,2.6292109999999997,OPTIMAL,1
0.0,0.0,0.0,2.6292109999999997,OPTIMAL,1
0.0,0.0,0.0,2.6292109999999997,OPTIMAL,1
0.0,0.0,0.0,2.6292109999999997,OPTIMAL,1
0.0,0.0,0.0,2.6292109999999997,OPTIMAL,1
0.0,0.0,0.0,2.6292109999999997,OPTIMAL,1
0.0,0.0,0.0,2.6292109999999997,OPTIMAL,1
0.0,0.0,0.0,2.6292109999999997,OPTIMAL,1
0.0,0.0,0.0,2.6292109999999997,OPTIMAL,1
0.0,0.0,0.0,2.6292109999999997,OPTIMAL,1
0.0,0.0,-0.0,2.6292109999999997,OPTIMAL,1
0.0,0.0,0.0,2.6292109999999997,OPTIMAL,1
0.0,0.0,-0.0,2.6292109999999997,OPTIMAL,1
0.0,0.0,0.0,2.6292109999999997,OPTIMAL,1
0.0,0.0,0.0,2.6292109999999997,OPTIMAL,1
0.0,0.0,-0.0,2.6292109999999997,OPTIMAL,1
0.0,0.0,-0.0,2.6292109999999997,OPTIMAL,1
0.0,0.0,0.0,2.6292109999999997,OPTIMAL,1
0.0,0.0,0.0,2.6292109999999997,OPTIMAL,1
0.0,0.0,0.0,2.6292109999999997,OPTIMAL,1
0.0,0.0,0.0,2.6292109999999997,OPTIMAL,1
0.0,0.0,0.0,2.6292109999999997,OPTIMAL,1
0.0,0.0,0.0,2.6292109999999997,OPTIMAL,1
0.0,0.0,3.763083813179782,2.6292109999999997,OPTIMAL,1
0.0,0.0,0.0,2.6292109999999997,OPTIMAL,1
0.0,0.0,0.0,2.6292109999999997,OPTIMAL,1
0.0,0.0,0.0,2.6292109999999997,OPTIMAL,1
0.0,0.0,0.0,2.6292109999999997,OPTIMAL,1
0.0,0.0,0.0,2.6292109999999997,OPTIMAL,1
0.0,0.0,0.0,2.6292109999999997,OPTIMAL,1
0.0,0.0,0.0,2.6292109999999997,OPTIMAL,1
0.0,0.0,0.0,2.6292109999999997,OPTIMAL,1
0.0,0.0,0.0,2.6292109999999997,OPTIMAL,1
0.0,0.0,0.0,2.6292109999999997,OPTIMAL,1
0.0,0.0,0.0,2.6292109999999997,OPTIMAL,1
0.0,0.0,0.0,2.6292109999999997,OPTIMAL,1
0.0,0.0,0.0,2.6292109999999997,OPTIMAL,1
0.0,0.0,0.0,2.6292109999999997,OPTIMAL,1
0.0,0.0,0.0,2.6292109999999997,OPTIMAL,1
0.0,0.0,0.0,2.6292109999999997,OPTIMAL,1
0.0,0.0,0.0,2.6292109999999997,OPTIMAL,1
0.0,0.0,0.0,2.6292109999999997,OPTIMAL,1
0.0,0.0,0.0,2.6292109999999997,OPTIMAL,1
0.0,0.0,0.0,2.6292109999999997,OPTIMAL,1
0.0,0.0,0.0,2.6292109999999997,OPTIMAL,1
0.0,0.0,0.0,2.6292109999999997,OPTIMAL,1
0.0,0.0,0.0,2.6292109999999997,OPTIMAL,1
0.0,0.0,0.0,2.6292109999999997,OPTIMAL,1
0.0,0.0,0.0,2.6292109999999997,OPTIMAL,1
0.0,0.0,0.0,2.6292109999999997,OPTIMAL,1
0.0,0.0,0.0,2.6292109999999997,OPTIMAL,1
0.0,0.0,0.0,2.6292109999999997,OPTIMAL,1
0.0,0.0,-0.0,2.6292109999999997,OPTIMAL,1
0.0,0.0,0.0,2.6292109999999997,OPTIMAL,1
0.0,0.0,0.0,2.6292109999999997,OPTIMAL,1
0.0,0.0,0.0,2.6292109999999997,OPTIMAL,1
0.0,0.0,0.0,2.6292109999999997,OPTIMAL,1
0.0,0.0,0.0,2.6292109999999997,OPTIMAL,1
0.0,0.0,0.0,2.6292109999999997,OPTIMAL,1
0.0,0.0,0.0,2.6292109999999997,OPTIMAL,1
0.0,0.0,0.0,2.6292109999999997,OPTIMAL,1
0.0,0.0,0.0,2.6292109999999997,OPTIMAL,1
0.0,0.0,0.0,2.6292109999999997,OPTIMAL,1
0.0,0.0,0.0,2.6292109999999997,OPTIMAL,1
0.0,0.0,0.0,2.6292109999999997,OPTIMAL,1
0.0,0.0,0.0,2.6292109999999997,OPTIMAL,1
0.0,0.0,0.0,2.6292109999999997,OPTIMAL,1
0.0,0.0,0.0,2.6292109999999997,OPTIMAL,1
0.0,0.0,0.0,2.6292109999999997,OPTIMAL,1
0.0,0.0,0.0,2.6292109999999997,OPTIMAL,1
0.0,0.0,0.0,2.6292109999999997,OPTIMAL,1
0.0,0.0,0.0,2.6292109999999997,OPTIMAL,1
0.0,0.0,0.0,2.6292109999999997,OPTIMAL,1
0.0,0.0,0.0,2.6292109999999997,OPTIMAL,1
0.0,0.0,0.0,2.6292109999999997,OPTIMAL,1
0.0,0.0,0.0,2.6292109999999997,OPTIMAL,1
0.0,0.0,0.0,2.6292109999999997,OPTIMAL,1
0.0,0.0,-0.0,2.6292109999999997,OPTIMAL,1
0.0,0.0,0.0,2.6292109999999997,OPTIMAL,1
0.0,0.0,0.0,2.6292109999999997,OPTIMAL,1
0.0,0.0,0.0,2.6292109999999997,OPTIMAL,1
0.0,0.0,0.0,2.6292109999999997,OPTIMAL,1
0.0,0.0,0.0,2.6292109999999997,OPTIMAL,1
0.0,0.0,0.0,2.6292109999999997,OPTIMAL,1
0.0,0.0,0.0,2.6292109999999997,OPTIMAL,1
0.0,0.0,0.0,2.6292109999999997,OPTIMAL,1
0.0,0.0,0.0,2.6292109999999997,OPTIMAL,1
0.0,0.0,0.0,2.6292109999999997,OPTIMAL,1
0.0,0.0,0.0,2.6292109999999997,OPTIMAL,1
0.0,0.0,0.0,2.6292109999999997,OPTIMAL,1
0.0,0.0,0.0,2.6292109999999997,OPTIMAL,1
0.0,0.0,0.0,2.6292109999999997,OPTIMAL,1
0.0,0.0,0.0,2.6292109999999997,OPTIMAL,1
0.0,0.0,0.0,2.6292109999999997,OPTIMAL,1
0.0,0.0,0.0,2.6292109999999997,OPTIMAL,1
0.0,0.0,0.0,2.6292109999999997,OPTIMAL,1
0.0,0.0,0.0,2.6292109999999997,OPTIMAL,1
0.0,0.0,0.0,2.6292109999999997,OPTIMAL,1
0.0,0.0,0.0,2.6292109999999997,OPTIMAL,1
0.0,0.0,0.0,2.6292109999999997,OPTIMAL,1
0.0,0.0,0.0,2.6292109999999997,OPTIMAL,1
0.0,0.0,0.0,2.6292109999999997,OPTIMAL,1
0.0,0.0,0.0,2.6292109999999997,OPTIMAL,1
0.0,0.0,0.0,2.6292109999999997,OPTIMAL,1
0.0,0.0,0.0,2.6292109999999997,OPTIMAL,1
0.0,0.0,0.0,2.6292109999999997,OPTIMAL,1
0.0,0.0,0.0,2.6292109999999997,OPTIMAL,1
0.0,0.0,0.0,2.6292109999999997,OPTIMAL,1
0.0,0.0,0.0,2.6292109999999997,OPTIMAL,1
0.0,0.0,0.0,2.6292109999999997,OPTIMAL,1
0.0,0.0,0.0,2.6292109999999997,OPTIMAL,1
0.0,0.0,0.0,2.6292109999999997,OPTIMAL,1
0.0,0.0,0.0,2.6292109999999997,OPTIMAL,1
0.0,0.0,0.0,2.6292109999999997,OPTIMAL,1
0.0,0.0,0.0,2.6292109999999997,OPTIMAL,1
0.0,0.0,0.0,2.6292109999999997,OPTIMAL,1
0.0,0.0,0.0,2.6292109999999997,OPTIMAL,1
0.0,0.0,0.0,2.6292109999999997,OPTIMAL,1
0.0,0.0,0.0,2.6292109999999997,OPTIMAL,1
0.0,0.0,0.0,2.6292109999999997,OPTIMAL,1
0.0,0.0,0.0,2.6292109999999997,OPTIMAL,1
0.0,0.0,0.0,2.6292109999999997,OPTIMAL,1
0.0,0.0,0.0,2.6292109999999997,OPTIMAL,1
0.0,0.0,0.0,2.6292109999999997,OPTIMAL,1
0.0,0.0,0.0,2.6292109999999997,OPTIMAL,1
0.0,0.0,0.0,2.6292109999999997,OPTIMAL,1
0.0,0.0,0.0,2.6292109999999997,OPTIMAL,1
0.0,0.0,0.0,2.6292109999999997,OPTIMAL,1
0.0,0.0,0.0,2.6292109999999997,OPTIMAL,1
0.0,0.0,0.0,2.6292109999999997,OPTIMAL,1
0.0,0.0,0.0,2.6292109999999997,OPTIMAL,1
0.0,0.0,0.0,2.6292109999999997,OPTIMAL,1
0.0,0.0,0.0,2.6292109999999997,OPTIMAL,1
0.0,0.0,0.0,2.6292109999999997,OPTIMAL,1
0.0,0.0,0.0,2.6292109999999997,OPTIMAL,1
0.0,0.0,0.0,2.6292109999999997,OPTIMAL,1
0.0,0.0,0.0,2.6292109999999997,OPTIMAL,1
0.0,0.0,0.0,2.6292109999999997,OPTIMAL,1
0.0,0.0,0.0,2.6292109999999997,OPTIMAL,1
0.0,0.0,0.0,2.6292109999999997,OPTIMAL,1
0.0,0.0,0.0,2.6292109999999997,OPTIMAL,1
0.0,0.0,0.0,2.6292109999999997,OPTIMAL,1
0.0,0.0,0.0,2.6292109999999997,OPTIMAL,1
0.0,0.0,0.0,2.6292109999999997,OPTIMAL,1
0.0,0.0,0.0,2.6292109999999997,OPTIMAL,1
0.0,0.0,0.0,2.6292109999999997,OPTIMAL,1
0.0,0.0,0.0,2.6292109999999997,OPTIMAL,1
0.0,0.0,0.0,2.6292109999999997,OPTIMAL,1
0.0,0.0,0.0,2.6292109999999997,OPTIMAL,1
0.0,0.0,-0.0,2.6292109999999997,OPTIMAL,1
0.0,0.0,0.0,2.6292109999999997,OPTIMAL,1
0.0,0.0,0.0,2.6292109999999997,OPTIMAL,1
0.0,0.0,0.0,2.6292109999999997,OPTIMAL,1
0.0,0.0,-0.0,2.6292109999999997,OPTIMAL,1
0.0,0.0,0.0,2.6292109999999997,OPTIMAL,1
0.0,0.0,0.0,2.6292109999999997,OPTIMAL,1
0.0,0.0,0.0,2.6292109999999997,OPTIMAL,1
0.0,0.0,0.0,2.6292109999999997,OPTIMAL,1
0.0,0.0,0.0,2.6292109999999997,OPTIMAL,1
0.0,0.0,0.0,2.6292109999999997,OPTIMAL,1
0.0,0.0,0.0,2.6292109999999997,OPTIMAL,1
0.0,0.0,0.0,2.6292109999999997,OPTIMAL,1
0.0,0.0,0.0,2.6292109999999997,OPTIMAL,1
0.0,0.0,0.0,2.6292109999999997,OPTIMAL,1
0.0,0.0,0.0,2.6292109999999997,OPTIMAL,1
0.0,0.0,0.0,2.6292109999999997,OPTIMAL,1
0.0,0.0,0.0,2.6292109999999997,OPTIMAL,1
0.0,0.0,0.0,2.6292109999999997,OPTIMAL,1
0.0,0.0,1.0,2.6292109999999997,OPTIMAL,1
0.0,0.0,1.0,2.6292109999999997,OPTIMAL,1
0.0,0.0,1.0,2.6292109999999997,OPTIMAL,1
0.0,0.0,0.0,2.6292109999999997,OPTIMAL,1
0.0,0.0,1.0,2.6292109999999997,OPTIMAL,1
0.0,0.0,1.0,2.6292109999999997,OPTIMAL,1
0.0,0.0,1.0,2.6292109999999997,OPTIMAL,1
0.0,0.0,1.0,2.6292109999999997,OPTIMAL,1
0.0,0.0,0.0,2.6292109999999997,OPTIMAL,1
0.0,0.0,1.0,2.6292109999999997,OPTIMAL,1
0.0,0.0,0.0,2.6292109999999997,OPTIMAL,1
0.0,0.0,1.0,2.6292109999999997,OPTIMAL,1
0.0,0.0,0.0,2.6292109999999997,OPTIMAL,1
0.0,0.0,0.0,2.6292109999999997,OPTIMAL,1
0.0,0.0,-0.0,2.6292109999999997,OPTIMAL,1
0.0,0.0,0.0,2.6292109999999997,OPTIMAL,1
0.0,0.0,0.0,2.6292109999999997,OPTIMAL,1
0.0,0.0,1.0,2.6292109999999997,OPTIMAL,1
0.0,0.0,1.0,2.6292109999999997,OPTIMAL,1
0.0,0.0,0.0,2.6292109999999997,OPTIMAL,1
0.0,0.0,0.0,2.6292109999999997,OPTIMAL,1
0.0,0.0,1.0,2.6292109999999997,OPTIMAL,1
0.0,0.0,1.0,2.6292109999999997,OPTIMAL,1
0.0,0.0,1.0,2.6292109999999997,OPTIMAL,1
0.0,0.0,1.0,2.6292109999999997,OPTIMAL,1
0.0,0.0,0.0,2.6292109999999997,OPTIMAL,1
0.0,0.0,1.0,2.6292109999999997,OPTIMAL,1
0.0,0.0,-0.0,2.6292109999999997,OPTIMAL,1
0.0,0.0,1.0,2.6292109999999997,OPTIMAL,1
0.0,0.0,0.0,2.6292109999999997,OPTIMAL,1
0.0,0.0,1.0,2.6292109999999997,OPTIMAL,1
0.0,0.0,1.0,2.6292109999999997,OPTIMAL,1
0.0,0.0,0.0,2.6292109999999997,OPTIMAL,1
0.0,0.0,1.0,2.6292109999999997,OPTIMAL,1
0.0,0.0,0.0,2.6292109999999997,OPTIMAL,1
0.0,0.0,1.0,2.6292109999999997,OPTIMAL,1
0.0,0.0,1.0,2.6292109999999997,OPTIMAL,1
0.0,0.0,1.0,2.6292109999999997,OPTIMAL,1
0.0,0.0,0.0,2.6292109999999997,OPTIMAL,1
0.0,0.0,1.0,2.6292109999999997,OPTIMAL,1
0.0,0.0,0.0,2.6292109999999997,OPTIMAL,1
0.0,0.0,0.0,2.6292109999999997,OPTIMAL,1
0.0,0.0,0.0,2.6292109999999997,OPTIMAL,1
0.0,0.0,1.0,2.6292109999999997,OPTIMAL,1
0.0,0.0,1.0,2.6292109999999997,OPTIMAL,1
0.0,0.0,1.0,2.6292109999999997,OPTIMAL,1
0.0,0.0,0.0,2.6292109999999997,OPTIMAL,1
0.0,0.0,0.0,2.6292109999999997,OPTIMAL,1
0.0,0.0,1.0,2.6292109999999997,OPTIMAL,1
0.0,0.0,0.0,2.6292109999999997,OPTIMAL,1
0.0,0.0,0.0,2.6292109999999997,OPTIMAL,1
0.0,0.0,0.0,2.6292109999999997,OPTIMAL,1
0.0,0.0,0.0,2.6292109999999997,OPTIMAL,1
0.0,0.0,0.0,2.6292109999999997,OPTIMAL,1
0.0,0.0,0.0,2.6292109999999997,OPTIMAL,1
0.0,0.0,0.0,2.6292109999999997,OPTIMAL,1
0.0,0.0,1.0,2.6292109999999997,OPTIMAL,1
0.0,0.0,0.0,2.6292109999999997,OPTIMAL,1
0.0,0.0,0.0,2.6292109999999997,OPTIMAL,1
0.0,0.0,0.0,2.6292109999999997,OPTIMAL,1
0.0,0.0,1.0,2.6292109999999997,OPTIMAL,1
0.0,0.0,0.0,2.6292109999999997,OPTIMAL,1
0.0,0.0,1.0,2.6292109999999997,OPTIMAL,1
0.0,0.0,1.0,2.6292109999999997,OPTIMAL,1
0.0,0.0,0.0,2.6292109999999997,OPTIMAL,1
0.0,0.0,0.0,2.6292109999999997,OPTIMAL,1
0.0,0.0,0.0,2.6292109999999997,OPTIMAL,1
0.0,0.0,1.0,2.6292109999999997,OPTIMAL,1
0.0,0.0,1.0,2.6292109999999997,OPTIMAL,1
0.0,0.0,0.0,2.6292109999999997,OPTIMAL,1
0.0,0.0,1.0,2.6292109999999997,OPTIMAL,1
0.0,0.0,1.0,2.6292109999999997,OPTIMAL,1
0.0,0.0,1.0,2.6292109999999997,OPTIMAL,1
0.0,0.0,0.0,2.6292109999999997,OPTIMAL,1
0.0,0.0,1.0,2.6292109999999997,OPTIMAL,1
0.0,0.0,0.0,2.6292109999999997,OPTIMAL,1
0.0,0.0,1.0,2.6292109999999997,OPTIMAL,1
0.0,0.0,1.0,2.6292109999999997,OPTIMAL,1
0.0,0.0,0.0,2.6292109999999997,OPTIMAL,1
0.0,0.0,1.0,2.6292109999999997,OPTIMAL,1
0.0,0.0,1.0,2.6292109999999997,OPTIMAL,1
0.0,0.0,1.0,2.6292109999999997,OPTIMAL,1
0.0,0.0,-0.0,2.6292109999999997,OPTIMAL,1
0.0,0.0,1.0,2.6292109999999997,OPTIMAL,1
0.0,0.0,0.0,2.6292109999999997,OPTIMAL,1
0.0,0.0,1.0,2.6292109999999997,OPTIMAL,1
0.0,0.0,1.0,2.6292109999999997,OPTIMAL,1
0.0,0.0,1.0,2.6292109999999997,OPTIMAL,1
0.0,0.0,1.0,2.6292109999999997,OPTIMAL,1
0.0,0.0,0.0,2.6292109999999997,OPTIMAL,1
0.0,0.0,1.0,2.6292109999999997,OPTIMAL,1
0.0,0.0,1.0,2.6292109999999997,OPTIMAL,1
0.0,0.0,1.0,2.6292109999999997,OPTIMAL,1
0.0,0.0,1.0,2.6292109999999997,OPTIMAL,1
0.0,0.0,1.0,2.6292109999999997,OPTIMAL,1
0.0,0.0,-0.0,2.6292109999999997,OPTIMAL,1
0.0,0.0,1.0,2.6292109999999997,OPTIMAL,1
0.0,0.0,1.0,2.6292109999999997,OPTIMAL,1
0.0,0.0,0.0,2.6292109999999997,OPTIMAL,1
0.0,0.0,1.0,2.6292109999999997,OPTIMAL,1
0.0,0.0,1.0,2.6292109999999997,OPTIMAL,1
0.0,0.0,0.0,2.6292109999999997,OPTIMAL,1
0.0,0.0,0.0,2.6292109999999997,OPTIMAL,1
0.0,0.0,0.0,2.6292109999999997,OPTIMAL,1
0.0,0.0,0.0,2.6292109999999997,OPTIMAL,1
0.0,0.0,1.0,2.6292109999999997,OPTIMAL,1
0.0,0.0,1.0,2.6292109999999997,OPTIMAL,1
0.0,0.0,-0.0,2.6292109999999997,OPTIMAL,1
0.0,0.0,1.0,2.6292109999999997,OPTIMAL,1
0.0,0.0,-0.0,2.6292109999999997,OPTIMAL,1
0.0,0.0,1.0,2.6292109999999997,OPTIMAL,1
0.0,0.0,1.0,2.6292109999999997,OPTIMAL,1
0.0,0.0,1.0,2.6292109999999997,OPTIMAL,1
0.0,0.0,0.0,2.6292109999999997,OPTIMAL,1
0.0,0.0,1.0,2.6292109999999997,OPTIMAL,1
0.0,0.0,-0.0,2.6292109999999997,OPTIMAL,1
0.0,0.0,0.0,2.6292109999999997,OPTIMAL,1
0.0,0.0,1.0,2.6292109999999997,OPTIMAL,1
0.0,0.0,1.0,2.6292109999999997,OPTIMAL,1
0.0,0.0,1.0,2.6292109999999997,OPTIMAL,1
0.0,0.0,0.0,2.6292109999999997,OPTIMAL,1
0.0,0.0,1.0,2.6292109999999997,OPTIMAL,1
0.0,0.0,0.0,2.6292109999999997,OPTIMAL,1
0.0,0.0,0.0,2.6292109999999997,OPTIMAL,1
0.0,0.0,0.0,2.6292109999999997,OPTIMAL,1
0.0,0.0,1.0,2.6292109999999997,OPTIMAL,1
0.0,0.0,1.0,2.6292109999999997,OPTIMAL,1
0.0,0.0,0.0,2.6292109999999997,OPTIMAL,1
0.0,0.0,0.0,2.6292109999999997,OPTIMAL,1
0.0,0.0,0.0,2.6292109999999997,OPTIMAL,1
0.0,0.0,0.0,2.6292109999999997,OPTIMAL,1
0.0,0.0,0.0,2.6292109999999997,OPTIMAL,1
0.0,0.0,1.0,2.6292109999999997,OPTIMAL,1
0.0,0.0,0.0,2.6292109999999997,OPTIMAL,1
0.0,0.0,0.0,2.6292109999999997,OPTIMAL,1
0.0,0.0,1.0,2.6292109999999997,OPTIMAL,1
0.0,0.0,1.0,2.6292109999999997,OPTIMAL,1
0.0,0.0,0.0,2.6292109999999997,OPTIMAL,1
0.0,0.0,1.0,2.6292109999999997,OPTIMAL,1
0.0,0.0,1.0,2.6292109999999997,OPTIMAL,1
0.0,0.0,1.0,2.6292109999999997,OPTIMAL,1
0.0,0.0,1.0,2.6292109999999997,OPTIMAL,1
0.0,0.0,1.0,2.6292109999999997,OPTIMAL,1
0.0,0.0,0.0,2.6292109999999997,OPTIMAL,1
0.0,0.0,0.0,2.6292109999999997,OPTIMAL,1
0.0,0.0,0.0,2.6292109999999997,OPTIMAL,1
0.0,0.0,0.0,2.6292109999999997,OPTIMAL,1
0.0,0.0,0.0,2.6292109999999997,OPTIMAL,1
0.0,0.0,0.0,2.6292109999999997,OPTIMAL,1
0.0,0.0,1.0,2.6292109999999997,OPTIMAL,1
0.0,0.0,1.0,2.6292109999999997,OPTIMAL,1
0.0,0.0,1.0,2.6292109999999997,OPTIMAL,1
0.0,0.0,1.0,2.6292109999999997,OPTIMAL,1
0.0,0.0,1.0,2.6292109999999997,OPTIMAL,1
0.0,0.0,1.0,2.6292109999999997,OPTIMAL,1
0.0,0.0,1.0,2.6292109999999997,OPTIMAL,1
0.0,0.0,1.0,2.6292109999999997,OPTIMAL,1
0.0,0.0,1.0,2.6292109999999997,OPTIMAL,1
0.0,0.0,0.0,2.6292109999999997,OPTIMAL,1
0.0,0.0,1.0,2.6292109999999997,OPTIMAL,1
0.0,0.0,-0.0,2.6292109999999997,OPTIMAL,1
0.0,0.0,1.0,2.6292109999999997,OPTIMAL,1
0.0,0.0,0.0,2.6292109999999997,OPTIMAL,1
0.0,0.0,-0.0,2.6292109999999997,OPTIMAL,1
0.0,0.0,-0.0,2.6292109999999997,OPTIMAL,1
0.0,0.0,1.0,2.6292109999999997,OPTIMAL,1
0.0,0.0,1.0,2.6292109999999997,OPTIMAL,1
0.0,0.0,1.0,2.6292109999999997,OPTIMAL,1
0.0,0.0,1.0,2.6292109999999997,OPTIMAL,1
0.0,0.0,1.0,2.6292109999999997,OPTIMAL,1
0.0,0.0,0.0,2.6292109999999997,OPTIMAL,1
0.0,0.0,1.0,2.6292109999999997,OPTIMAL,1
0.0,0.0,1.0,2.6292109999999997,OPTIMAL,1
0.0,0.0,1.0,2.6292109999999997,OPTIMAL,1
0.0,0.0,1.0,2.6292109999999997,OPTIMAL,1
0.0,0.0,1.0,2.6292109999999997,OPTIMAL,1
0.0,0.0,-0.0,2.6292109999999997,OPTIMAL,1
0.0,0.0,0.0,2.6292109999999997,OPTIMAL,1
0.0,0.0,1.0,2.6292109999999997,OPTIMAL,1
0.0,0.0,1.0,2.6292109999999997,OPTIMAL,1
0.0,0.0,1.0,2.6292109999999997,OPTIMAL,1
0.0,0.0,0.0,2.6292109999999997,OPTIMAL,1
0.0,0.0,0.0,2.6292109999999997,OPTIMAL,1
0.0,0.0,1.0,2.6292109999999997,OPTIMAL,1
0.0,0.0,0.0,2.6292109999999997,OPTIMAL,1
0.0,0.0,1.0,2.6292109999999997,OPTIMAL,1
0.0,0.0,0.0,2.6292109999999997,OPTIMAL,1
0.0,0.0,1.0,2.6292109999999997,OPTIMAL,1
0.0,0.0,0.0,2.6292109999999997,OPTIMAL,1
0.0,0.0,1.0,2.6292109999999997,OPTIMAL,1
0.0,0.0,1.0,2.6292109999999997,OPTIMAL,1
0.0,0.0,1.0,2.6292109999999997,OPTIMAL,1
0.0,0.0,1.0,2.6292109999999997,OPTIMAL,1
0.0,0.0,1.0,2.6292109999999997,OPTIMAL,1
0.0,0.0,1.0,2.6292109999999997,OPTIMAL,1
0.0,0.0,0.0,2.6292109999999997,OPTIMAL,1
0.0,0.0,1.0,2.6292109999999997,OPTIMAL,1
0.0,0.0,1.0,2.6292109999999997,OPTIMAL,1
0.0,0.0,1.0,2.6292109999999997,OPTIMAL,1
0.0,0.0,1.0,2.6292109999999997,OPTIMAL,1
0.0,0.0,0.0,2.6292109999999997,OPTIMAL,1
0.0,0.0,1.0,2.6292109999999997,OPTIMAL,1
0.0,0.0,1.0,2.6292109999999997,OPTIMAL,1
0.0,0.0,1.0,2.6292109999999997,OPTIMAL,1
0.0,0.0,0.0,2.6292109999999997,OPTIMAL,1
0.0,0.0,1.0,2.6292109999999997,OPTIMAL,1
0.0,0.0,1.0,2.6292109999999997,OPTIMAL,1
0.0,0.0,0.0,2.6292109999999997,OPTIMAL,1
0.0,0.0,0.0,2.6292109999999997,OPTIMAL,1
0.0,0.0,0.0,2.6292109999999997,OPTIMAL,1
0.0,0.0,1.0,2.6292109999999997,OPTIMAL,1
0.0,0.0,1.0,2.6292109999999997,OPTIMAL,1
0.0,0.0,0.0,2.6292109999999997,OPTIMAL,1
0.0,0.0,0.0,2.6292109999999997,OPTIMAL,1
0.0,0.0,1.0,2.6292109999999997,OPTIMAL,1
0.0,0.0,1.0,2.6292109999999997,OPTIMAL,1
0.0,0.0,1.0,2.6292109999999997,OPTIMAL,1
0.0,0.0,1.0,2.6292109999999997,OPTIMAL,1
0.0,0.0,1.0,2.6292109999999997,OPTIMAL,1
0.0,0.0,0.0,2.6292109999999997,OPTIMAL,1
0.0,0.0,1.0,2.6292109999999997,OPTIMAL,1
0.0,0.0,1.0,2.6292109999999997,OPTIMAL,1
0.0,0.0,1.0,2.6292109999999997,OPTIMAL,1
0.0,0.0,1.0,2.6292109999999997,OPTIMAL,1
0.0,0.0,1.0,2.6292109999999997,OPTIMAL,1
0.0,0.0,0.0,2.6292109999999997,OPTIMAL,1
0.0,0.0,0.0,2.6292109999999997,OPTIMAL,1
0.0,0.0,1.0,2.6292109999999997,OPTIMAL,1
0.0,0.0,0.0,2.6292109999999997,OPTIMAL,1
0.0,0.0,1.0,2.6292109999999997,OPTIMAL,1
0.0,0.0,0.0,2.6292109999999997,OPTIMAL,1
0.0,0.0,1.0,2.6292109999999997,OPTIMAL,1
0.0,0.0,1.0,2.6292109999999997,OPTIMAL,1
0.0,0.0,0.0,2.6292109999999997,OPTIMAL,1
0.0,0.0,1.0,2.6292109999999997,OPTIMAL,1
0.0,0.0,0.0,2.6292109999999997,OPTIMAL,1
0.0,0.0,1.0,2.6292109999999997,OPTIMAL,1
0.0,0.0,1.0,2.6292109999999997,OPTIMAL,1
0.0,0.0,1.0,2.6292109999999997,OPTIMAL,1
0.0,0.0,0.0,2.6292109999999997,OPTIMAL,1
0.0,0.0,1.0,2.6292109999999997,OPTIMAL,1
0.0,0.0,0.0,2.6292109999999997,OPTIMAL,1
0.0,0.0,1.0,2.6292109999999997,OPTIMAL,1
0.0,0.0,0.0,2.6292109999999997,OPTIMAL,1
0.0,0.0,0.0,2.6292109999999997,OPTIMAL,1
0.0,0.0,0.0,2.6292109999999997,OPTIMAL,1
0.0,0.0,0.0,2.6292109999999997,OPTIMAL,1
0.0,0.0,0.0,2.6292109999999997,OPTIMAL,1
0.0,0.0,0.0,2.6292109999999997,OPTIMAL,1
0.0,0.0,0.0,2.6292109999999997,OPTIMAL,1
0.0,0.0,0.0,2.6292109999999997,OPTIMAL,1
0.0,0.0,0.0,2.6292109999999997,OPTIMAL,1
0.0,0.0,0.0,2.6292109999999997,OPTIMAL,1
0.0,0.0,1.0,2.6292109999999997,OPTIMAL,1
0.0,0.0,0.0,2.6292109999999997,OPTIMAL,1
0.0,0.0,1.0,2.6292109999999997,OPTIMAL,1
0.0,0.0,0.0,2.6292109999999997,OPTIMAL,1
0.0,0.0,1.0,2.6292109999999997,OPTIMAL,1
0.0,0.0,1.0,2.6292109999999997,OPTIMAL,1
0.0,0.0,0.0,2.6292109999999997,OPTIMAL,1
0.0,0.0,1.0,2.6292109999999997,OPTIMAL,1
0.0,0.0,1.0,2.6292109999999997,OPTIMAL,1
0.0,0.0,1.0,2.6292109999999997,OPTIMAL,1
0.0,0.0,0.0,2.6292109999999997,OPTIMAL,1
0.0,0.0,0.0,2.6292109999999997,OPTIMAL,1
0.0,0.0,0.0,2.6292109999999997,OPTIMAL,1
0.0,0.0,0.0,2.6292109999999997,OPTIMAL,1
0.0,0.0,0.0,2.6292109999999997,OPTIMAL,1
0.0,0.0,1.0,2.6292109999999997,OPTIMAL,1
0.0,0.0,0.0,2.6292109999999997,OPTIMAL,1
0.0,0.0,1.0,2.6292109999999997,OPTIMAL,1
0.0,0.0,1.0,2.6292109999999997,OPTIMAL,1
0.0,0.0,1.0,2.6292109999999997,OPTIMAL,1
0.0,0.0,-0.0,2.6292109999999997,OPTIMAL,1
0.0,0.0,0.0,2.6292109999999997,OPTIMAL,1
0.0,0.0,1.0,2.6292109999999997,OPTIMAL,1
0.0,0.0,0.0,2.6292109999999997,OPTIMAL,1
0.0,0.0,1.0,2.6292109999999997,OPTIMAL,1
0.0,0.0,1.0,2.6292109999999997,OPTIMAL,1
0.0,0.0,1.0,2.6292109999999997,OPTIMAL,1
0.0,0.0,1.0,2.6292109999999997,OPTIMAL,1
0.0,0.0,1.0,2.6292109999999997,OPTIMAL,1
0.0,0.0,1.0,2.6292109999999997,OPTIMAL,1
0.0,0.0,1.0,2.6292109999999997,OPTIMAL,1
0.0,0.0,1.0,2.6292109999999997,OPTIMAL,1
0.0,0.0,0.0,2.6292109999999997,OPTIMAL,1
0.0,0.0,0.0,2.6292109999999997,OPTIMAL,1
0.0,0.0,0.0,2.6292109999999997,OPTIMAL,1
0.0,0.0,0.0,2.6292109999999997,OPTIMAL,1
0.0,0.0,1.0,2.6292109999999997,OPTIMAL,1
0.0,0.0,1.0,2.6292109999999997,OPTIMAL,1
0.0,0.0,0.0,2.6292109999999997,OPTIMAL,1
0.0,0.0,1.0,2.6292109999999997,OPTIMAL,1
0.0,0.0,0.0,2.6292109999999997,OPTIMAL,1
0.0,0.0,1.0,2.6292109999999997,OPTIMAL,1
0.0,0.0,1.0,2.6292109999999997,OPTIMAL,1
0.0,0.0,0.0,2.6292109999999997,OPTIMAL,1
0.0,0.0,-0.0,2.6292109999999997,OPTIMAL,1
0.0,0.0,-0.0,2.6292109999999997,OPTIMAL,1
0.0,0.0,-0.0,2.6292109999999997,OPTIMAL,1
0.0,0.0,0.0,2.6292109999999997,OPTIMAL,1
0.0,0.0,0.0,2.6292109999999997,OPTIMAL,1
0.0,0.0,1.0,2.6292109999999997,OPTIMAL,1
0.0,0.0,0.0,2.6292109999999997,OPTIMAL,1
0.0,0.0,-0.0,2.6292109999999997,OPTIMAL,1
0.0,0.0,1.0,2.6292109999999997,OPTIMAL,1
0.0,0.0,0.0,2.6292109999999997,OPTIMAL,1
0.0,0.0,0.0,2.6292109999999997,OPTIMAL,1
0.0,0.0,1.0,2.6292109999999997,OPTIMAL,1
0.0,0.0,0.0,2.6292109999999997,OPTIMAL,1
0.0,0.0,1.0,2.6292109999999997,OPTIMAL,1
0.0,0.0,1.0,2.6292109999999997,OPTIMAL,1
0.0,0.0,0.0,2.6292109999999997,OPTIMAL,1
0.0,0.0,1.0,2.6292109999999997,OPTIMAL,1
0.0,0.0,1.0,2.6292109999999997,OPTIMAL,1
0.0,0.0,1.0,2.6292109999999997,OPTIMAL,1
0.0,0.0,1.0,2.6292109999999997,OPTIMAL,1
0.0,0.0,1.0,2.6292109999999997,OPTIMAL,1
0.0,0.0,1.0,2.6292109999999997,OPTIMAL,1
0.0,0.0,1.0,2.6292109999999997,OPTIMAL,1
0.0,0.0,1.0,2.6292109999999997,OPTIMAL,1
0.0,0.0,1.0,2.6292109999999997,OPTIMAL,1
0.0,0.0,-0.0,2.6292109999999997,OPTIMAL,1
0.0,0.0,0.0,2.6292109999999997,OPTIMAL,1
0.0,0.0,0.0,2.6292109999999997,OPTIMAL,1
0.0,0.0,-0.0,2.6292109999999997,OPTIMAL,1
0.0,0.0,1.0,2.6292109999999997,OPTIMAL,1
0.0,0.0,-0.0,2.6292109999999997,OPTIMAL,1
0.0,0.0,-0.0,2.6292109999999997,OPTIMAL,1
0.0,0.0,1.0,2.6292109999999997,OPTIMAL,1
0.0,0.0,0.0,2.6292109999999997,OPTIMAL,1
0.0,0.0,0.0,2.6292109999999997,OPTIMAL,1
0.0,0.0,0.0,2.6292109999999997,OPTIMAL,1
0.0,0.0,1.0,2.6292109999999997,OPTIMAL,1
0.0,0.0,0.0,2.6292109999999997,OPTIMAL,1
0.0,0.0,0.0,2.6292109999999997,OPTIMAL,1
0.0,0.0,1.0,2.6292109999999997,OPTIMAL,1
0.0,0.0,0.0,2.6292109999999997,OPTIMAL,1
0.0,0.0,1.0,2.6292109999999997,OPTIMAL,1
0.0,0.0,0.0,2.6292109999999997,OPTIMAL,1
0.0,0.0,1.0,2.6292109999999997,OPTIMAL,1
0.0,0.0,1.0,2.6292109999999997,OPTIMAL,1
0.0,0.0,0.0,2.6292109999999997,OPTIMAL,1
0.0,0.0,0.0,2.6292109999999997,OPTIMAL,1
0.0,0.0,0.0,2.6292109999999997,OPTIMAL,1
0.0,0.0,0.0,2.6292109999999997,OPTIMAL,1
0.0,0.0,0.0,2.6292109999999997,OPTIMAL,1
0.0,0.0,1.0,2.6292109999999997,OPTIMAL,1
0.0,0.0,0.0,2.6292109999999997,OPTIMAL,1
0.0,0.0,1.0,2.6292109999999997,OPTIMAL,1
0.0,0.0,-0.0,2.6292109999999997,OPTIMAL,1
0.0,0.0,-0.0,2.6292109999999997,OPTIMAL,1
0.0,0.0,1.0,2.6292109999999997,OPTIMAL,1
0.0,0.0,-0.0,2.6292109999999997,OPTIMAL,1
0.0,0.0,1.0,2.6292109999999997,OPTIMAL,1
0.0,0.0,0.0,2.6292109999999997,OPTIMAL,1
0.0,0.0,0.0,2.6292109999999997,OPTIMAL,1
0.0,0.0,0.0,2.6292109999999997,OPTIMAL,1
0.0,0.0,0.0,2.6292109999999997,OPTIMAL,1
0.0,0.0,0.0,2.6292109999999997,OPTIMAL,1
0.0,0.0,1.0,2.6292109999999997,OPTIMAL,1
0.0,0.0,1.0,2.6292109999999997,OPTIMAL,1
0.0,0.0,-0.0,2.6292109999999997,OPTIMAL,1
0.0,0.0,-0.0,2.6292109999999997,OPTIMAL,1
0.0,0.0,1.0,2.6292109999999997,OPTIMAL,1
0.0,0.0,1.0,2.6292109999999997,OPTIMAL,1
0.0,0.0,0.0,2.6292109999999997,OPTIMAL,1
0.0,0.0,0.0,2.6292109999999997,OPTIMAL,1
0.0,0.0,0.0,2.6292109999999997,OPTIMAL,1
0.0,0.0,-0.0,2.6292109999999997,OPTIMAL,1
0.0,0.0,1.0,2.6292109999999997,OPTIMAL,1
0.0,0.0,1.0,2.6292109999999997,OPTIMAL,1
0.0,0.0,1.0,2.6292109999999997,OPTIMAL,1
0.0,0.0,1.0,2.6292109999999997,OPTIMAL,1
0.0,0.0,0.0,2.6292109999999997,OPTIMAL,1
0.0,0.0,1.0,2.6292109999999997,OPTIMAL,1
0.0,0.0,1.0,2.6292109999999997,OPTIMAL,1
0.0,0.0,0.0,2.6292109999999997,OPTIMAL,1
0.0,0.0,1.0,2.6292109999999997,OPTIMAL,1
0.0,0.0,0.0,2.6292109999999997,OPTIMAL,1
0.0,0.0,1.0,2.6292109999999997,OPTIMAL,1
0.0,0.0,1.0,2.6292109999999997,OPTIMAL,1
0.0,0.0,1.0,2.6292109999999997,OPTIMAL,1
0.0,0.0,0.0,2.6292109999999997,OPTIMAL,1
0.0,0.0,0.0,2.6292109999999997,OPTIMAL,1
0.0,0.0,0.0,2.6292109999999997,OPTIMAL,1
0.0,0.0,1.0,2.6292109999999997,OPTIMAL,1
0.0,0.0,0.0,2.6292109999999997,OPTIMAL,1
0.0,0.0,0.0,2.6292109999999997,OPTIMAL,1
0.0,0.0,0.0,2.6292109999999997,OPTIMAL,1
0.0,0.0,0.0,2.6292109999999997,OPTIMAL,1
0.0,0.0,0.0,2.6292109999999997,OPTIMAL,1
0.0,0.0,1.0,2.6292109999999997,OPTIMAL,1
0.0,0.0,0.0,2.6292109999999997,OPTIMAL,1
0.0,0.0,1.0,2.6292109999999997,OPTIMAL,1
0.0,0.0,1.0,2.6292109999999997,OPTIMAL,1
0.0,0.0,0.0,2.6292109999999997,OPTIMAL,1
0.0,0.0,0.0,2.6292109999999997,OPTIMAL,1
0.0,0.0,1.0,2.6292109999999997,OPTIMAL,1
0.0,0.0,1.0,2.6292109999999997,OPTIMAL,1
0.0,0.0,0.0,2.6292109999999997,OPTIMAL,1
0.0,0.0,0.0,2.6292109999999997,OPTIMAL,1
0.0,0.0,0.0,2.6292109999999997,OPTIMAL,1
0.0,0.0,0.0,2.6292109999999997,OPTIMAL,1
0.0,0.0,1.0,2.6292109999999997,OPTIMAL,1
0.0,0.0,0.0,2.6292109999999997,OPTIMAL,1
0.0,0.0,1.0,2.6292109999999997,OPTIMAL,1
0.0,0.0,1.0,2.6292109999999997,OPTIMAL,1
0.0,0.0,0.0,2.6292109999999997,OPTIMAL,1
0.0,0.0,1.0,2.6292109999999997,OPTIMAL,1
0.0,0.0,0.0,2.6292109999999997,OPTIMAL,1
0.0,0.0,0.0,2.6292109999999997,OPTIMAL,1
0.0,0.0,1.0,2.6292109999999997,OPTIMAL,1
0.0,0.0,1.0,2.6292109999999997,OPTIMAL,1
0.0,0.0,0.0,2.6292109999999997,OPTIMAL,1
0.0,0.0,1.0,2.6292109999999997,OPTIMAL,1
0.0,0.0,0.0,2.6292109999999997,OPTIMAL,1
0.0,0.0,1.0,2.6292109999999997,OPTIMAL,1
0.0,0.0,1.0,2.6292109999999997,OPTIMAL,1
0.0,0.0,1.0,2.6292109999999997,OPTIMAL,1
0.0,0.0,1.0,2.6292109999999997,OPTIMAL,1
0.0,0.0,-0.0,2.6292109999999997,OPTIMAL,1
0.0,0.0,1.0,2.6292109999999997,OPTIMAL,1
0.0,0.0,1.0,2.6292109999999997,OPTIMAL,1
0.0,0.0,0.0,2.6292109999999997,OPTIMAL,1
0.0,0.0,1.0,2.6292109999999997,OPTIMAL,1
0.0,0.0,0.0,2.6292109999999997,OPTIMAL,1
0.0,0.0,0.0,2.6292109999999997,OPTIMAL,1
0.0,0.0,0.0,2.6292109999999997,OPTIMAL,1
0.0,0.0,1.0,2.6292109999999997,OPTIMAL,1
0.0,0.0,0.0,2.6292109999999997,OPTIMAL,1
0.0,0.0,1.0,2.6292109999999997,OPTIMAL,1
0.0,0.0,1.0,2.6292109999999997,OPTIMAL,1
0.0,0.0,1.0,2.6292109999999997,OPTIMAL,1
0.0,0.0,1.0,2.6292109999999997,OPTIMAL,1
0.0,0.0,1.0,2.6292109999999997,OPTIMAL,1
0.0,0.0,1.0,2.6292109999999997,OPTIMAL,1
0.0,0.0,1.0,2.6292109999999997,OPTIMAL,1
0.0,0.0,1.0,2.6292109999999997,OPTIMAL,1
0.0,0.0,0.0,2.6292109999999997,OPTIMAL,1
0.0,0.0,1.0,2.6292109999999997,OPTIMAL,1
0.0,0.0,1.0,2.6292109999999997,OPTIMAL,1
0.0,0.0,1.0,2.6292109999999997,OPTIMAL,1
0.0,0.0,1.0,2.6292109999999997,OPTIMAL,1
0.0,0.0,0.0,2.6292109999999997,OPTIMAL,1
0.0,0.0,-0.0,2.6292109999999997,OPTIMAL,1
0.0,0.0,0.0,2.6292109999999997,OPTIMAL,1
0.0,0.0,0.0,2.6292109999999997,OPTIMAL,1
0.0,0.0,1.0,2.6292109999999997,OPTIMAL,1
0.0,0.0,0.0,2.6292109999999997,OPTIMAL,1
0.0,0.0,0.0,2.6292109999999997,OPTIMAL,1
0.0,0.0,0.0,2.6292109999999997,OPTIMAL,1
0.0,0.0,1.0,2.6292109999999997,OPTIMAL,1
0.0,0.0,1.0,2.6292109999999997,OPTIMAL,1
0.0,0.0,1.0,2.6292109999999997,OPTIMAL,1
0.0,0.0,1.0,2.6292109999999997,OPTIMAL,1
0.0,0.0,1.0,2.6292109999999997,OPTIMAL,1
0.0,0.0,1.0,2.6292109999999997,OPTIMAL,1
0.0,0.0,1.0,2.6292109999999997,OPTIMAL,1
0.0,0.0,1.0,2.6292109999999997,OPTIMAL,1
0.0,0.0,1.0,2.6292109999999997,OPTIMAL,1
0.0,0.0,1.0,2.6292109999999997,OPTIMAL,1
0.0,0.0,1.0,2.6292109999999997,OPTIMAL,1
0.0,0.0,1.0,2.6292109999999997,OPTIMAL,1
0.0,0.0,1.0,2.6292109999999997,OPTIMAL,1
0.0,0.0,0.0,2.6292109999999997,OPTIMAL,1
0.0,0.0,1.0,2.6292109999999997,OPTIMAL,1
0.0,0.0,1.0,2.6292109999999997,OPTIMAL,1
0.0,0.0,1.0,2.6292109999999997,OPTIMAL,1
0.0,0.0,1.0,2.6292109999999997,OPTIMAL,1
0.0,0.0,1.0,2.6292109999999997,OPTIMAL,1
0.0,0.0,0.0,2.6292109999999997,OPTIMAL,1
0.0,0.0,1.0,2.6292109999999997,OPTIMAL,1
0.0,0.0,0.0,2.6292109999999997,OPTIMAL,1
0.0,0.0,0.0,2.6292109999999997,OPTIMAL,1
0.0,0.0,1.0,2.6292109999999997,OPTIMAL,1
0.0,0.0,1.0,2.6292109999999997,OPTIMAL,1
0.0,0.0,0.0,2.6292109999999997,OPTIMAL,1
0.0,0.0,1.0,2.6292109999999997,OPTIMAL,1
0.0,0.0,0.0,2.6292109999999997,OPTIMAL,1
0.0,0.0,0.0,2.6292109999999997,OPTIMAL,1
0.0,0.0,1.0,2.6292109999999997,OPTIMAL,1
0.0,0.0,0.0,2.6292109999999997,OPTIMAL,1
0.0,0.0,1.0,2.6292109999999997,OPTIMAL,1
0.0,0.0,1.0,2.6292109999999997,OPTIMAL,1
0.0,0.0,0.0,2.6292109999999997,OPTIMAL,1
0.0,0.0,0.0,2.6292109999999997,OPTIMAL,1
0.0,0.0,1.0,2.6292109999999997,OPTIMAL,1
0.0,0.0,0.0,2.6292109999999997,OPTIMAL,1
0.0,0.0,1.0,2.6292109999999997,OPTIMAL,1
0.0,0.0,1.0,2.6292109999999997,OPTIMAL,1
0.0,0.0,0.0,2.6292109999999997,OPTIMAL,1
0.0,0.0,1.0,2.6292109999999997,OPTIMAL,1
0.0,0.0,0.0,2.6292109999999997,OPTIMAL,1
0.0,0.0,0.0,2.6292109999999997,OPTIMAL,1
0.0,0.0,1.0,2.6292109999999997,OPTIMAL,1
0.0,0.0,1.0,2.6292109999999997,OPTIMAL,1
0.0,0.0,1.0,2.6292109999999997,OPTIMAL,1
0.0,0.0,0.0,2.6292109999999997,OPTIMAL,1
0.0,0.0,1.0,2.6292109999999997,OPTIMAL,1
0.0,0.0,0.0,2.6292109999999997,OPTIMAL,1
0.0,0.0,0.0,2.6292109999999997,OPTIMAL,1
0.0,0.0,1.0,2.6292109999999997,OPTIMAL,1
0.0,0.0,0.0,2.6292109999999997,OPTIMAL,1
0.0,0.0,1.0,2.6292109999999997,OPTIMAL,1
0.0,0.0,1.0,2.6292109999999997,OPTIMAL,1
0.0,0.0,1.0,2.6292109999999997,OPTIMAL,1
0.0,0.0,0.0,2.6292109999999997,OPTIMAL,1
0.0,0.0,0.0,2.6292109999999997,OPTIMAL,1
0.0,0.0,1.0,2.6292109999999997,OPTIMAL,1
0.0,0.0,0.0,2.6292109999999997,OPTIMAL,1
0.0,0.0,1.0,2.6292109999999997,OPTIMAL,1
0.0,0.0,0.0,2.6292109999999997,OPTIMAL,1
0.0,0.0,0.0,2.6292109999999997,OPTIMAL,1
0.0,0.0,0.0,2.6292109999999997,OPTIMAL,1
0.0,0.0,0.0,2.6292109999999997,OPTIMAL,1
0.0,0.0,1.0,2.6292109999999997,OPTIMAL,1
0.0,0.0,1.0,2.6292109999999997,OPTIMAL,1
0.0,0.0,1.0,2.6292109999999997,OPTIMAL,1
0.0,0.0,0.0,2.6292109999999997,OPTIMAL,1
0.0,0.0,0.0,2.6292109999999997,OPTIMAL,1
0.0,0.0,1.0,2.6292109999999997,OPTIMAL,1
0.0,0.0,1.0,2.6292109999999997,OPTIMAL,1
0.0,0.0,-0.0,2.6292109999999997,OPTIMAL,1
0.0,0.0,0.0,2.6292109999999997,OPTIMAL,1
0.0,0.0,1.0,2.6292109999999997,OPTIMAL,1
0.0,0.0,0.0,2.6292109999999997,OPTIMAL,1
0.0,0.0,1.0,2.6292109999999997,OPTIMAL,1
0.0,0.0,1.0,2.6292109999999997,OPTIMAL,1
0.0,0.0,-0.0,2.6292109999999997,OPTIMAL,1
0.0,0.0,1.0,2.6292109999999997,OPTIMAL,1
0.0,0.0,0.0,2.6292109999999997,OPTIMAL,1
0.0,0.0,0.0,2.6292109999999997,OPTIMAL,1
0.0,0.0,0.0,2.6292109999999997,OPTIMAL,1
0.0,0.0,0.0,2.6292109999999997,OPTIMAL,1
0.0,0.0,1.0,2.6292109999999997,OPTIMAL,1
0.0,0.0,0.0,2.6292109999999997,OPTIMAL,1
0.0,0.0,0.0,2.6292109999999997,OPTIMAL,1
0.0,0.0,0.0,2.6292109999999997,OPTIMAL,1
0.0,0.0,0.0,2.6292109999999997,OPTIMAL,1
0.0,0.0,0.0,2.6292109999999997,OPTIMAL,1
0.0,0.0,1.0,2.6292109999999997,OPTIMAL,1
0.0,0.0,0.0,2.6292109999999997,OPTIMAL,1
0.0,0.0,1.0,2.6292109999999997,OPTIMAL,1
0.0,0.0,0.0,2.6292109999999997,OPTIMAL,1
0.0,0.0,0.0,2.6292109999999997,OPTIMAL,1
0.0,0.0,0.0,2.6292109999999997,OPTIMAL,1
0.0,0.0,-0.0,2.6292109999999997,OPTIMAL,1
0.0,0.0,0.0,2.6292109999999997,OPTIMAL,1
0.0,0.0,1.0,2.6292109999999997,OPTIMAL,1
0.0,0.0,0.0,2.6292109999999997,OPTIMAL,1
0.0,0.0,1.0,2.6292109999999997,OPTIMAL,1
0.0,0.0,1.0,2.6292109999999997,OPTIMAL,1
0.0,0.0,1.0,2.6292109999999997,OPTIMAL,1
0.0,0.0,1.0,2.6292109999999997,OPTIMAL,1
0.0,0.0,1.0,2.6292109999999997,OPTIMAL,1
0.0,0.0,0.0,2.6292109999999997,OPTIMAL,1
0.0,0.0,1.0,2.6292109999999997,OPTIMAL,1
0.0,0.0,-0.0,2.6292109999999997,OPTIMAL,1
0.0,0.0,0.0,2.6292109999999997,OPTIMAL,1
0.0,0.0,1.0,2.6292109999999997,OPTIMAL,1
0.0,0.0,0.0,2.6292109999999997,OPTIMAL,1
0.0,0.0,0.0,2.6292109999999997,OPTIMAL,1
0.0,0.0,1.0,2.6292109999999997,OPTIMAL,1
0.0,0.0,0.0,2.6292109999999997,OPTIMAL,1
0.0,0.0,0.0,2.6292109999999997,OPTIMAL,1
0.0,0.0,0.0,2.6292109999999997,OPTIMAL,1
0.0,0.0,1.0,2.6292109999999997,OPTIMAL,1
0.0,0.0,0.0,2.6292109999999997,OPTIMAL,1
0.0,0.0,1.0,2.6292109999999997,OPTIMAL,1
0.0,0.0,1.0,2.6292109999999997,OPTIMAL,1
0.0,0.0,0.0,2.6292109999999997,OPTIMAL,1
0.0,0.0,0.0,2.6292109999999997,OPTIMAL,1
0.0,0.0,0.0,2.6292109999999997,OPTIMAL,1
0.0,0.0,1.0,2.6292109999999997,OPTIMAL,1
0.0,0.0,1.0,2.6292109999999997,OPTIMAL,1
0.0,0.0,1.0,2.6292109999999997,OPTIMAL,1
0.0,0.0,1.0,2.6292109999999997,OPTIMAL,1
0.0,0.0,0.0,2.6292109999999997,OPTIMAL,1
0.0,0.0,1.0,2.6292109999999997,OPTIMAL,1
0.0,0.0,1.0,2.6292109999999997,OPTIMAL,1
0.0,0.0,0.0,2.6292109999999997,OPTIMAL,1
0.0,0.0,1.0,2.6292109999999997,OPTIMAL,1
0.0,0.0,1.0,2.6292109999999997,OPTIMAL,1
0.0,0.0,1.0,2.6292109999999997,OPTIMAL,1
0.0,0.0,1.0,2.6292109999999997,OPTIMAL,1
0.0,0.0,0.0,2.6292109999999997,OPTIMAL,1
0.0,0.0,0.0,2.6292109999999997,OPTIMAL,1
0.0,0.0,1.0,2.6292109999999997,OPTIMAL,1
0.0,0.0,0.0,2.6292109999999997,OPTIMAL,1
0.0,0.0,0.0,2.6292109999999997,OPTIMAL,1
0.0,0.0,0.0,2.6292109999999997,OPTIMAL,1
0.0,0.0,0.0,2.6292109999999997,OPTIMAL,1
0.0,0.0,0.0,2.6292109999999997,OPTIMAL,1
0.0,0.0,0.0,2.6292109999999997,OPTIMAL,1
0.0,0.0,0.0,2.6292109999999997,OPTIMAL,1
0.0,0.0,-0.0,2.6292109999999997,OPTIMAL,1
0.0,0.0,0.0,2.6292109999999997,OPTIMAL,1
0.0,0.0,0.0,2.6292109999999997,OPTIMAL,1
0.0,0.0,0.0,2.6292109999999997,OPTIMAL,1
0.0,0.0,0.0,2.6292109999999997,OPTIMAL,1
0.0,0.0,1.0,2.6292109999999997,OPTIMAL,1
0.0,0.0,0.0,2.6292109999999997,OPTIMAL,1
0.0,0.0,0.0,2.6292109999999997,OPTIMAL,1
0.0,0.0,0.0,2.6292109999999997,OPTIMAL,1
0.0,0.0,1.0,2.6292109999999997,OPTIMAL,1
0.0,0.0,0.0,2.6292109999999997,OPTIMAL,1
0.0,0.0,-0.0,2.6292109999999997,OPTIMAL,1
0.0,0.0,1.0,2.6292109999999997,OPTIMAL,1
0.0,0.0,1.0,2.6292109999999997,OPTIMAL,1
0.0,0.0,-0.0,2.6292109999999997,OPTIMAL,1
0.0,0.0,1.0,2.6292109999999997,OPTIMAL,1
0.0,0.0,0.0,2.6292109999999997,OPTIMAL,1
0.0,0.0,-0.0,2.6292109999999997,OPTIMAL,1
0.0,0.0,0.0,2.6292109999999997,OPTIMAL,1
0.0,0.0,-0.0,2.6292109999999997,OPTIMAL,1
0.0,0.0,0.0,2.6292109999999997,OPTIMAL,1
0.0,0.0,0.0,2.6292109999999997,OPTIMAL,1
0.0,0.0,0.0,2.6292109999999997,OPTIMAL,1
0.0,0.0,0.0,2.6292109999999997,OPTIMAL,1
0.0,0.0,-1.0,2.6292109999999997,OPTIMAL,1
0.0,0.0,-1.0,2.6292109999999997,OPTIMAL,1
0.0,0.0,-1000.0,2.6292109999999997,OPTIMAL,1
0.0,0.0,1.0,2.6292109999999997,OPTIMAL,1
0.0,0.0,-1.0,2.6292109999999997,OPTIMAL,1
0.0,0.0,-1.0,2.6292109999999997,OPTIMAL,1
0.0,0.0,-1.3374188004505574,2.6292109999999997,OPTIMAL,1
0.0,0.0,-1.0,2.6292109999999997,OPTIMAL,1
0.0,0.0,1.0,2.6292109999999997,OPTIMAL,1
0.0,0.0,-3.2514146946218774,2.6292109999999997,OPTIMAL,1
0.0,0.0,1.0,2.6292109999999997,OPTIMAL,1
0.0,0.0,-1.0,2.6292109999999997,OPTIMAL,1
0.0,0.0,1000.0,2.6292109999999997,OPTIMAL,1
0.0,0.0,1.0,2.6292109999999997,OPTIMAL,1
0.0,0.0,1.0,2.6292109999999997,OPTIMAL,1
0.0,0.0,1.0,2.6292109999999997,OPTIMAL,1
0.0,0.0,997.5155271942216,2.6292109999999997,OPTIMAL,1
0.0,0.0,-1.0,2.6292109999999997,OPTIMAL,1
0.0,0.0,-1.0,2.6292109999999997,OPTIMAL,1
0.0,0.0,1.0,2.6292109999999997,OPTIMAL,1
0.0,0.0,1.0,2.6292109999999997,OPTIMAL,1
0.0,0.0,-1.0,2.6292109999999997,OPTIMAL,1
0.0,0.0,-1.0,2.6292109999999997,OPTIMAL,1
0.0,0.0,-1.0,2.6292109999999997,OPTIMAL,1
0.0,0.0,-3.2265550483261847,2.6292109999999997,OPTIMAL,1
0.0,0.0,1.0,2.6292109999999997,OPTIMAL,1
0.0,0.0,-4.806074474263544,2.6292109999999997,OPTIMAL,1
0.0,0.0,1.0,2.6292109999999997,OPTIMAL,1
0.0,0.0,-1.0,2.6292109999999997,OPTIMAL,1
0.0,0.0,1.0,2.6292109999999997,OPTIMAL,1
0.0,0.0,-1.0,2.6292109999999997,OPTIMAL,1
0.0,0.0,-1.0,2.6292109999999997,OPTIMAL,1
0.0,0.0,994.9075164940606,2.6292109999999997,OPTIMAL,1
0.0,0.0,-1000.0,2.6292109999999997,OPTIMAL,1
0.0,0.0,1.0,2.6292109999999997,OPTIMAL,1
0.0,0.0,-1.0,2.6292109999999997,OPTIMAL,1
0.0,0.0,-1.0,2.6292109999999997,OPTIMAL,1
0.0,0.0,-1.0,2.6292109999999997,OPTIMAL,1
0.0,0.0,1.0,2.6292109999999997,OPTIMAL,1
0.0,0.0,-1000.0,2.6292109999999997,OPTIMAL,1
0.0,0.0,3.013385922052494,2.6292109999999997,OPTIMAL,1
0.0,0.0,1.0,2.6292109999999997,OPTIMAL,1
0.0,0.0,1.0,2.6292109999999997,OPTIMAL,1
0.0,0.0,-1.0,2.6292109999999997,OPTIMAL,1
0.0,0.0,-1.0,2.6292109999999997,OPTIMAL,1
0.0,0.0,-1.0,2.6292109999999997,OPTIMAL,1
0.0,0.0,1.0,2.6292109999999997,OPTIMAL,1
0.0,0.0,1.0,2.6292109999999997,OPTIMAL,1
0.0,0.0,-1.0,2.6292109999999997,OPTIMAL,1
0.0,0.0,1000.0,2.6292109999999997,OPTIMAL,1
0.0,0.0,1.0,2.6292109999999997,OPTIMAL,1
0.0,0.0,1.525891311587202,2.6292109999999997,OPTIMAL,1
0.0,0.0,1.0,2.6292109999999997,OPTIMAL,1
0.0,0.0,1.0,2.6292109999999997,OPTIMAL,1
0.0,0.0,2.0928389125225397,2.6292109999999997,OPTIMAL,1
0.0,0.0,1.0,2.6292109999999997,OPTIMAL,1
0.0,0.0,-2.091173146147298,2.6292109999999997,OPTIMAL,1
0.0,0.0,1.0,2.6292109999999997,OPTIMAL,1
0.0,0.0,1.0,2.6292109999999997,OPTIMAL,1
0.0,0.0,1.0,2.6292109999999997,OPTIMAL,1
0.0,0.0,-1.0,2.6292109999999997,OPTIMAL,1
0.0,0.0,1.0,2.6292109999999997,OPTIMAL,1
0.0,0.0,-1.0,2.6292109999999997,OPTIMAL,1
0.0,0.0,-968.3923665249425,2.6292109999999997,OPTIMAL,1
0.0,0.0,1000.0,2.6292109999999997,OPTIMAL,1
0.0,0.0,1.0,2.6292109999999997,OPTIMAL,1
0.0,0.0,998.850439528899,2.6292109999999997,OPTIMAL,1
0.0,0.0,-1.0,2.6292109999999997,OPTIMAL,1
0.0,0.0,-1.0,2.6292109999999997,OPTIMAL,1
0.0,0.0,1.0,2.6292109999999997,OPTIMAL,1
0.0,0.0,-4.598171393888069,2.6292109999999997,OPTIMAL,1
0.0,0.0,-1.0,2.6292109999999997,OPTIMAL,1
0.0,0.0,-1.0,2.6292109999999997,OPTIMAL,1
0.0,0.0,1.0,2.6292109999999997,OPTIMAL,1
0.0,0.0,-1.0,2.6292109999999997,OPTIMAL,1
0.0,0.0,1.0,2.6292109999999997,OPTIMAL,1
0.0,0.0,-1.0,2.6292109999999997,OPTIMAL,1
0.0,0.0,-1.0,2.6292109999999997,OPTIMAL,1
0.0,0.0,1.0,2.6292109999999997,OPTIMAL,1
0.0,0.0,-1.0,2.6292109999999997,OPTIMAL,1
0.0,0.0,-1.0,2.6292109999999997,OPTIMAL,1
0.0,0.0,-1.0,2.6292109999999997,OPTIMAL,1
0.0,0.0,1.0,2.6292109999999997,OPTIMAL,1
0.0,0.0,-1.0,2.6292109999999997,OPTIMAL,1
0.0,0.0,1.0,2.6292109999999997,OPTIMAL,1
0.0,0.0,-1.0,2.6292109999999997,OPTIMAL,1
0.0,0.0,-1.0,2.6292109999999997,OPTIMAL,1
0.0,0.0,-1.0,2.6292109999999997,OPTIMAL,1
0.0,0.0,-1.0,2.6292109999999997,OPTIMAL,1
0.0,0.0,1.0,2.6292109999999997,OPTIMAL,1
0.0,0.0,-1.0,2.6292109999999997,OPTIMAL,1
0.0,0.0,-1.0,2.6292109999999997,OPTIMAL,1
0.0,0.0,-1.0,2.6292109999999997,OPTIMAL,1
0.0,0.0,-1.0,2.6292109999999997,OPTIMAL,1
0.0,0.0,-1.0,2.6292109999999997,OPTIMAL,1
0.0,0.0,1.0,2.6292109999999997,OPTIMAL,1
0.0,0.0,-1.0,2.6292109999999997,OPTIMAL,1
0.0,0.0,-1.0,2.6292109999999997,OPTIMAL,1
0.0,0.0,1.0,2.6292109999999997,OPTIMAL,1
0.0,0.0,-1.0,2.6292109999999997,OPTIMAL,1
0.0,0.0,-1.0,2.6292109999999997,OPTIMAL,1
0.0,0.0,1.0,2.6292109999999997,OPTIMAL,1
0.0,0.0,1000.0,2.6292109999999997,OPTIMAL,1
0.0,0.0,996.3074437252385,2.6292109999999997,OPTIMAL,1
0.0,0.0,1.0,2.6292109999999997,OPTIMAL,1
0.0,0.0,-1.0,2.6292109999999997,OPTIMAL,1
0.0,0.0,-1.0,2.6292109999999997,OPTIMAL,1
0.0,0.0,1.0,2.6292109999999997,OPTIMAL,1
0.0,0.0,-1.0,2.6292109999999997,OPTIMAL,1
0.0,0.0,1.0,2.6292109999999997,OPTIMAL,1
0.0,0.0,-1.0,2.6292109999999997,OPTIMAL,1
0.0,0.0,-1.0,2.6292109999999997,OPTIMAL,1
0.0,0.0,-1.0,2.6292109999999997,OPTIMAL,1
0.0,0.0,1.0,2.6292109999999997,OPTIMAL,1
0.0,0.0,-1.0,2.6292109999999997,OPTIMAL,1
0.0,0.0,1.0,2.6292109999999997,OPTIMAL,1
0.0,0.0,1.0,2.6292109999999997,OPTIMAL,1
0.0,0.0,-1.0,2.6292109999999997,OPTIMAL,1
0.0,0.0,-1.0,2.6292109999999997,OPTIMAL,1
0.0,0.0,-1.0,2.6292109999999997,OPTIMAL,1
0.0,0.0,1.0,2.6292109999999997,OPTIMAL,1
0.0,0.0,-2.4105707920146586,2.6292109999999997,OPTIMAL,1
0.0,0.0,1.0,2.6292109999999997,OPTIMAL,1
0.0,0.0,1.0,2.6292109999999997,OPTIMAL,1
0.0,0.0,1.0,2.6292109999999997,OPTIMAL,1
0.0,0.0,-1000.0000000000047,2.6292109999999997,OPTIMAL,1
0.0,0.0,-1.0,2.6292109999999997,OPTIMAL,1
0.0,0.0,1.0,2.6292109999999997,OPTIMAL,1
0.0,0.0,6.2905886424416755,2.6292109999999997,OPTIMAL,1
0.0,0.0,1.0,2.6292109999999997,OPTIMAL,1
0.0,0.0,5.009119929874385,2.6292109999999997,OPTIMAL,1
0.0,0.0,1.0,2.6292109999999997,OPTIMAL,1
0.0,0.0,-1.0,2.6292109999999997,OPTIMAL,1
0.0,0.0,1.0,2.6292109999999997,OPTIMAL,1
0.0,0.0,1.0,2.6292109999999997,OPTIMAL,1
0.0,0.0,-4.50239798622185,2.6292109999999997,OPTIMAL,1
0.0,0.0,-1.0,2.6292109999999997,OPTIMAL,1
0.0,0.0,1000.0,2.6292109999999997,OPTIMAL,1
0.0,0.0,-1.0,2.6292109999999997,OPTIMAL,1
0.0,0.0,-1.0,2.6292109999999997,OPTIMAL,1
0.0,0.0,-1.0,2.6292109999999997,OPTIMAL,1
0.0,0.0,-1.0,2.6292109999999997,OPTIMAL,1
0.0,0.0,-1.0,2.6292109999999997,OPTIMAL,1
0.0,0.0,1.0,2.6292109999999997,OPTIMAL,1
0.0,0.0,1000.0,2.6292109999999997,OPTIMAL,1
0.0,0.0,1.0,2.6292109999999997,OPTIMAL,1
0.0,0.0,3.7353369867981936,2.6292109999999997,OPTIMAL,1
0.0,0.0,1.0,2.6292109999999997,OPTIMAL,1
0.0,0.0,1.0,2.6292109999999997,OPTIMAL,1
0.0,0.0,-1.0,2.6292109999999997,OPTIMAL,1
0.0,0.0,-1.0,2.6292109999999997,OPTIMAL,1
0.0,0.0,-1.0,2.6292109999999997,OPTIMAL,1
0.0,0.0,-1.0,2.6292109999999997,OPTIMAL,1
0.0,0.0,-1.0,2.6292109999999997,OPTIMAL,1
0.0,0.0,-999.9999999999636,2.6292109999999997,OPTIMAL,1
0.0,0.0,-1.0,2.6292109999999997,OPTIMAL,1
0.0,0.0,-1.0,2.6292109999999997,OPTIMAL,1
0.0,0.0,-1.0,2.6292109999999997,OPTIMAL,1
0.0,0.0,1000.0,2.6292109999999997,OPTIMAL,1
0.0,0.0,-1.0,2.6292109999999997,OPTIMAL,1
0.0,0.0,1.0,2.6292109999999997,OPTIMAL,1
0.0,0.0,-1.0,2.6292109999999997,OPTIMAL,1
0.0,0.0,1.0,2.6292109999999997,OPTIMAL,1
0.0,0.0,1.0,2.6292109999999997,OPTIMAL,1
0.0,0.0,1.0,2.6292109999999997,OPTIMAL,1
0.0,0.0,-1.0,2.6292109999999997,OPTIMAL,1
0.0,0.0,-1.0,2.6292109999999997,OPTIMAL,1
0.0,0.0,-1.0,2.6292109999999997,OPTIMAL,1
0.0,0.0,-1.0,2.6292109999999997,OPTIMAL,1
0.0,0.0,-1.0,2.6292109999999997,OPTIMAL,1
0.0,0.0,1.0,2.6292109999999997,OPTIMAL,1
0.0,0.0,-0.9999999999996645,2.6292109999999997,OPTIMAL,1
0.0,0.0,-1.0,2.6292109999999997,OPTIMAL,1
0.0,0.0,-1.0,2.6292109999999997,OPTIMAL,1
0.0,0.0,-1.0,2.6292109999999997,OPTIMAL,1
0.0,0.0,-1.0,2.6292109999999997,OPTIMAL,1
0.0,0.0,1.0,2.6292109999999997,OPTIMAL,1
0.0,0.0,1.0,2.6292109999999997,OPTIMAL,1
0.0,0.0,-1.0,2.6292109999999997,OPTIMAL,1
0.0,0.0,-1.0,2.6292109999999997,OPTIMAL,1
0.0,0.0,-1.0,2.6292109999999997,OPTIMAL,1
0.0,0.0,1.0,2.6292109999999997,OPTIMAL,1
0.0,0.0,1.0,2.6292109999999997,OPTIMAL,1
0.0,0.0,-1.0,2.6292109999999997,OPTIMAL,1
0.0,0.0,1.0,2.6292109999999997,OPTIMAL,1
0.0,0.0,-1.0,2.6292109999999997,OPTIMAL,1
0.0,0.0,1.0,2.6292109999999997,OPTIMAL,1
0.0,0.0,-1.0,2.6292109999999997,OPTIMAL,1
0.0,0.0,1.0,2.6292109999999997,OPTIMAL,1
0.0,0.0,-1.0,2.6292109999999997,OPTIMAL,1
0.0,0.0,-1.0,2.6292109999999997,OPTIMAL,1
0.0,0.0,-1.0,2.6292109999999997,OPTIMAL,1
0.0,0.0,-1.0,2.6292109999999997,OPTIMAL,1
0.0,0.0,-1.0,2.6292109999999997,OPTIMAL,1
0.0,0.0,-1000.0,2.6292109999999997,OPTIMAL,1
0.0,0.0,1.0,2.6292109999999997,OPTIMAL,1
0.0,0.0,-1.0,2.6292109999999997,OPTIMAL,1
0.0,0.0,-1.0,2.6292109999999997,OPTIMAL,1
0.0,0.0,-1.0,2.6292109999999997,OPTIMAL,1
0.0,0.0,-1.0,2.6292109999999997,OPTIMAL,1
0.0,0.0,1.0,2.6292109999999997,OPTIMAL,1
0.0,0.0,-1.0,2.6292109999999997,OPTIMAL,1
0.0,0.0,-1.0,2.6292109999999997,OPTIMAL,1
0.0,0.0,-1.0,2.6292109999999997,OPTIMAL,1
0.0,0.0,1.0,2.6292109999999997,OPTIMAL,1
0.0,0.0,-1.0,2.6292109999999997,OPTIMAL,1
0.0,0.0,-1.0,2.6292109999999997,OPTIMAL,1
0.0,0.0,1.0,2.6292109999999997,OPTIMAL,1
0.0,0.0,2.1300782759580272,2.6292109999999997,OPTIMAL,1
0.0,0.0,1.0,2.6292109999999997,OPTIMAL,1
0.0,0.0,-1.0,2.6292109999999997,OPTIMAL,1
0.0,0.0,-1.0,2.6292109999999997,OPTIMAL,1
0.0,0.0,1.0,2.6292109999999997,OPTIMAL,1
0.0,0.0,1.0,2.6292109999999997,OPTIMAL,1
0.0,0.0,-1.0,2.6292109999999997,OPTIMAL,1
0.0,0.0,-1.0,2.6292109999999997,OPTIMAL,1
0.0,0.0,-993.0807120810405,2.6292109999999997,OPTIMAL,1
0.0,0.0,-1.0,2.6292109999999997,OPTIMAL,1
0.0,0.0,-1.0,2.6292109999999997,OPTIMAL,1
0.0,0.0,1.0,2.6292109999999997,OPTIMAL,1
0.0,0.0,-1.0,2.6292109999999997,OPTIMAL,1
0.0,0.0,-1.0,2.6292109999999997,OPTIMAL,1
0.0,0.0,-1.0,2.6292109999999997,OPTIMAL,1
0.0,0.0,-1.0,2.6292109999999997,OPTIMAL,1
0.0,0.0,-1000.0,2.6292109999999997,OPTIMAL,1
0.0,0.0,1.0,2.6292109999999997,OPTIMAL,1
0.0,0.0,1.0,2.6292109999999997,OPTIMAL,1
0.0,0.0,-1.0,2.6292109999999997,OPTIMAL,1
0.0,0.0,1.0,2.6292109999999997,OPTIMAL,1
0.0,0.0,-1.047852778530796,2.6292109999999997,OPTIMAL,1
0.0,0.0,1.0,2.6292109999999997,OPTIMAL,1
0.0,0.0,-1.0,2.6292109999999997,OPTIMAL,1
0.0,0.0,-1.0,2.6292109999999997,OPTIMAL,1
0.0,0.0,1.0,2.6292109999999997,OPTIMAL,1
0.0,0.0,-1.0,2.6292109999999997,OPTIMAL,1
0.0,0.0,1.0,2.6292109999999997,OPTIMAL,1
0.0,0.0,-1.0,2.6292109999999997,OPTIMAL,1
0.0,0.0,-3.948119122799266,2.6292109999999997,OPTIMAL,1
0.0,0.0,-1.0,2.6292109999999997,OPTIMAL,1
0.0,0.0,1.0,2.6292109999999997,OPTIMAL,1
0.0,0.0,-1.0,2.6292109999999997,OPTIMAL,1
0.0,0.0,1.0,2.6292109999999997,OPTIMAL,1
0.0,0.0,-1000.0,2.6292109999999997,OPTIMAL,1
0.0,0.0,1.0,2.6292109999999997,OPTIMAL,1
0.0,0.0,994.8242154944347,2.6292109999999997,OPTIMAL,1
0.0,0.0,1.0,2.6292109999999997,OPTIMAL,1
0.0,0.0,1.0,2.6292109999999997,OPTIMAL,1
0.0,0.0,1.0,2.6292109999999997,OPTIMAL,1
0.0,0.0,1.0,2.6292109999999997,OPTIMAL,1
0.0,0.0,1.0,2.6292109999999997,OPTIMAL,1
0.0,0.0,1.0,2.6292109999999997,OPTIMAL,1
0.0,0.0,1.0,2.6292109999999997,OPTIMAL,1
0.0,0.0,1.0,2.6292109999999997,OPTIMAL,1
0.0,0.0,-1.0,2.6292109999999997,OPTIMAL,1
0.0,0.0,1000.0,2.6292109999999997,OPTIMAL,1
0.0,0.0,-1.0,2.6292109999999997,OPTIMAL,1
0.0,0.0,1.0,2.6292109999999997,OPTIMAL,1
0.0,0.0,-1.0,2.6292109999999997,OPTIMAL,1
0.0,0.0,-1.0,2.6292109999999997,OPTIMAL,1
0.0,0.0,1.0,2.6292109999999997,OPTIMAL,1
0.0,0.0,-992.7397515670584,2.6292109999999997,OPTIMAL,1
0.0,0.0,-1.0,2.6292109999999997,OPTIMAL,1
0.0,0.0,-1.0,2.6292109999999997,OPTIMAL,1
0.0,0.0,1.0,2.6292109999999997,OPTIMAL,1
0.0,0.0,1.0,2.6292109999999997,OPTIMAL,1
0.0,0.0,1.0,2.6292109999999997,OPTIMAL,1
0.0,0.0,1.0,2.6292109999999997,OPTIMAL,1
0.0,0.0,1.0,2.6292109999999997,OPTIMAL,1
0.0,0.0,-1.0,2.6292109999999997,OPTIMAL,1
0.0,0.0,1.6417175836200708,2.6292109999999997,OPTIMAL,1
0.0,0.0,-1.0,2.6292109999999997,OPTIMAL,1
0.0,0.0,-1000.0,2.6292109999999997,OPTIMAL,1
0.0,0.0,-1.0,2.6292109999999997,OPTIMAL,1
0.0,0.0,1.0,2.6292109999999997,OPTIMAL,1
0.0,0.0,1.0,2.6292109999999997,OPTIMAL,1
0.0,0.0,-1.0,2.6292109999999997,OPTIMAL,1
0.0,0.0,1.0,2.6292109999999997,OPTIMAL,1
0.0,0.0,-1.0,2.6292109999999997,OPTIMAL,1
0.0,0.0,-1.0,2.6292109999999997,OPTIMAL,1
0.0,0.0,-1.0,2.6292109999999997,OPTIMAL,1
0.0,0.0,-1.0,2.6292109999999997,OPTIMAL,1
0.0,0.0,-4.603455527981326,2.6292109999999997,OPTIMAL,1
0.0,0.0,-1.0,2.6292109999999997,OPTIMAL,1
0.0,0.0,-4.859687885897196,2.6292109999999997,OPTIMAL,1
0.0,0.0,-1.0,2.6292109999999997,OPTIMAL,1
0.0,0.0,1.0,2.6292109999999997,OPTIMAL,1
0.0,0.0,1.0,2.6292109999999997,OPTIMAL,1
0.0,0.0,0.9999999999999287,2.6292109999999997,OPTIMAL,1
0.0,0.0,1.0,2.6292109999999997,OPTIMAL,1
0.0,0.0,-1.0,2.6292109999999997,OPTIMAL,1
0.0,0.0,-1.0,2.6292109999999997,OPTIMAL,1
0.0,0.0,1.0,2.6292109999999997,OPTIMAL,1
0.0,0.0,-1.0,2.6292109999999997,OPTIMAL,1
0.0,0.0,2.373532285220667,2.6292109999999997,OPTIMAL,1
0.0,0.0,-1.0,2.6292109999999997,OPTIMAL,1
0.0,0.0,-1.0,2.6292109999999997,OPTIMAL,1
0.0,0.0,1.0,2.6292109999999997,OPTIMAL,1
0.0,0.0,1.0,2.6292109999999997,OPTIMAL,1
0.0,0.0,1.0,2.6292109999999997,OPTIMAL,1
0.0,0.0,1.0,2.6292109999999997,OPTIMAL,1
0.0,0.0,1.0,2.6292109999999997,OPTIMAL,1
0.0,0.0,1.0,2.6292109999999997,OPTIMAL,1
0.0,0.0,-1.0,2.6292109999999997,OPTIMAL,1
0.0,0.0,1.0,2.6292109999999997,OPTIMAL,1
0.0,0.0,1.0,2.6292109999999997,OPTIMAL,1
0.0,0.0,-997.2496940074162,2.6292109999999997,OPTIMAL,1
0.0,0.0,1.0,2.6292109999999997,OPTIMAL,1
0.0,0.0,0.9999999982808276,2.6292109999999997,OPTIMAL,1
0.0,0.0,-1.0,2.6292109999999997,OPTIMAL,1
0.0,0.0,1.0,2.6292109999999997,OPTIMAL,1
0.0,0.0,-1.0,2.6292109999999997,OPTIMAL,1
0.0,0.0,-1.0,2.6292109999999997,OPTIMAL,1
0.0,0.0,1.0,2.6292109999999997,OPTIMAL,1
0.0,0.0,-1.0,2.6292109999999997,OPTIMAL,1
0.0,0.0,-1.0,2.6292109999999997,OPTIMAL,1
0.0,0.0,-1.0,2.6292109999999997,OPTIMAL,1
0.0,0.0,-1.0,2.6292109999999997,OPTIMAL,1
0.0,0.0,-1.0,2.6292109999999997,OPTIMAL,1
0.0,0.0,-1.0,2.6292109999999997,OPTIMAL,1
0.0,0.0,-1.0,2.6292109999999997,OPTIMAL,1
0.0,0.0,-1.0,2.6292109999999997,OPTIMAL,1
0.0,0.0,-1.0,2.6292109999999997,OPTIMAL,1
0.0,0.0,1.0,2.6292109999999997,OPTIMAL,1
0.0,0.0,1.0,2.6292109999999997,OPTIMAL,1
0.0,0.0,1.0,2.6292109999999997,OPTIMAL,1
0.0,0.0,1.0,2.6292109999999997,OPTIMAL,1
0.0,0.0,-1.0,2.6292109999999997,OPTIMAL,1
0.0,0.0,1.0,2.6292109999999997,OPTIMAL,1
0.0,0.0,1.0,2.6292109999999997,OPTIMAL,1
0.0,0.0,-1.0,2.6292109999999997,OPTIMAL,1
0.0,0.0,1.0,2.6292109999999997,OPTIMAL,1
0.0,0.0,1.0,2.6292109999999997,OPTIMAL,1
0.0,0.0,997.504537712374,2.6292109999999997,OPTIMAL,1
0.0,0.0,-1000.0,2.6292109999999997,OPTIMAL,1
0.0,0.0,1.0,2.6292109999999997,OPTIMAL,1
0.0,0.0,1.0,2.6292109999999997,OPTIMAL,1
0.0,0.0,-1.0,2.6292109999999997,OPTIMAL,1
0.0,0.0,1.0,2.6292109999999997,OPTIMAL,1
0.0,0.0,-1.0,2.6292109999999997,OPTIMAL,1
0.0,0.0,1.0,2.6292109999999997,OPTIMAL,1
0.0,0.0,-1.0,2.6292109999999997,OPTIMAL,1
0.0,0.0,-1.0,2.6292109999999997,OPTIMAL,1
0.0,0.0,1.0,2.6292109999999997,OPTIMAL,1
0.0,0.0,1.0,2.6292109999999997,OPTIMAL,1
0.0,0.0,999.9999999999928,2.6292109999999997,OPTIMAL,1
0.0,0.0,1.0,2.6292109999999997,OPTIMAL,1
0.0,0.0,1.0,2.6292109999999997,OPTIMAL,1
0.0,0.0,-1.0,2.6292109999999997,OPTIMAL,1
0.0,0.0,1.0,2.6292109999999997,OPTIMAL,1
0.0,0.0,-1.0,2.6292109999999997,OPTIMAL,1
0.0,0.0,1.0,2.6292109999999997,OPTIMAL,1
0.0,0.0,1.0,2.6292109999999997,OPTIMAL,1
0.0,0.0,-1.0,2.6292109999999997,OPTIMAL,1
0.0,0.0,1.0,2.6292109999999997,OPTIMAL,1
0.0,0.0,-1.0,2.6292109999999997,OPTIMAL,1
0.0,0.0,1.0,2.6292109999999997,OPTIMAL,1
0.0,0.0,1.745561964135492,2.6292109999999997,OPTIMAL,1
0.0,0.0,1.0,2.6292109999999997,OPTIMAL,1
0.0,0.0,1.0,2.6292109999999997,OPTIMAL,1
0.0,0.0,997.2843530502668,2.6292109999999997,OPTIMAL,1
0.0,0.0,-1.0,2.6292109999999997,OPTIMAL,1
0.0,0.0,-1.0,2.6292109999999997,OPTIMAL,1
0.0,0.0,1.0,2.6292109999999997,OPTIMAL,1
0.0,0.0,1.0,2.6292109999999997,OPTIMAL,1
0.0,0.0,-1.0,2.6292109999999997,OPTIMAL,1
0.0,0.0,-1000.0,2.6292109999999997,OPTIMAL,1
0.0,0.0,1.0,2.6292109999999997,OPTIMAL,1
0.0,0.0,1.0,2.6292109999999997,OPTIMAL,1
0.0,0.0,1.0,2.6292109999999997,OPTIMAL,1
0.0,0.0,1.0,2.6292109999999997,OPTIMAL,1
0.0,0.0,-1.0,2.6292109999999997,OPTIMAL,1
0.0,0.0,-1.0,2.6292109999999997,OPTIMAL,1
0.0,0.0,-1.0,2.6292109999999997,OPTIMAL,1
0.0,0.0,-1.0,2.6292109999999997,OPTIMAL,1
0.0,0.0,1.0,2.6292109999999997,OPTIMAL,1
0.0,0.0,-1.0,2.6292109999999997,OPTIMAL,1
0.0,0.0,-1.0,2.6292109999999997,OPTIMAL,1
0.0,0.0,4.8951121040734025,2.6292109999999997,OPTIMAL,1
0.0,0.0,-1.0,2.6292109999999997,OPTIMAL,1
0.0,0.0,1.0,2.6292109999999997,OPTIMAL,1
0.0,0.0,-1.0,2.6292109999999997,OPTIMAL,1
0.0,0.0,-1.0,2.6292109999999997,OPTIMAL,1
0.0,0.0,-1.6965346231108924,2.6292109999999997,OPTIMAL,1
0.0,0.0,1.0,2.6292109999999997,OPTIMAL,1
0.0,0.0,1.0,2.6292109999999997,OPTIMAL,1
0.0,0.0,1.0,2.6292109999999997,OPTIMAL,1
0.0,0.0,-1.0,2.6292109999999997,OPTIMAL,1
0.0,0.0,1.0,2.6292109999999997,OPTIMAL,1
0.0,0.0,1.0,2.6292109999999997,OPTIMAL,1
0.0,0.0,2.9478942270534563,2.6292109999999997,OPTIMAL,1
0.0,0.0,1.5421303941237565,2.6292109999999997,OPTIMAL,1
0.0,0.0,998.3175480557626,2.6292109999999997,OPTIMAL,1
0.0,0.0,-1.0,2.6292109999999997,OPTIMAL,1
0.0,0.0,1.0,2.6292109999999997,OPTIMAL,1
0.0,0.0,-1.8062979799601635,2.6292109999999997,OPTIMAL,1
0.0,0.0,-1.737504052644729,2.6292109999999997,OPTIMAL,1
0.0,0.0,1.0,2.6292109999999997,OPTIMAL,1
0.0,0.0,1000.0,2.6292109999999997,OPTIMAL,1
0.0,0.0,-1.0,2.6292109999999997,OPTIMAL,1
0.0,0.0,-1.0,2.6292109999999997,OPTIMAL,1
0.0,0.0,1.0,2.6292109999999997,OPTIMAL,1
0.0,0.0,998.2202312072853,2.6292109999999997,OPTIMAL,1
0.0,0.0,1.0,2.6292109999999997,OPTIMAL,1
0.0,0.0,1.0,2.6292109999999997,OPTIMAL,1
0.0,0.0,-997.6773891645355,2.6292109999999997,OPTIMAL,1
0.0,0.0,1.0,2.6292109999999997,OPTIMAL,1
0.0,0.0,-1.0,2.6292109999999997,OPTIMAL,1
0.0,0.0,-1.0,2.6292109999999997,OPTIMAL,1
0.0,0.0,1.0,2.6292109999999997,OPTIMAL,1
0.0,0.0,-3.008351596443304,2.6292109999999997,OPTIMAL,1
0.0,0.0,1.0,2.6292109999999997,OPTIMAL,1
0.0,0.0,996.8924760510594,2.6292109999999997,OPTIMAL,1
0.0,0.0,-998.319318479995,2.6292109999999997,OPTIMAL,1
0.0,0.0,-1.0,2.6292109999999997,OPTIMAL,1
0.0,0.0,1.0,2.6292109999999997,OPTIMAL,1
0.0,0.0,-1.0,2.6292109999999997,OPTIMAL,1
0.0,0.0,1.0,2.6292109999999997,OPTIMAL,1
0.0,0.0,-4.065345164462676,2.6292109999999997,OPTIMAL,1
0.0,0.0,-3.435338897712577,2.6292109999999997,OPTIMAL,1
0.0,0.0,-1.0,2.6292109999999997,OPTIMAL,1
0.0,0.0,-1.1911986083637134,2.6292109999999997,OPTIMAL,1
0.0,0.0,1.0,2.6292109999999997,OPTIMAL,1
0.0,0.0,-3.3417263157165484,2.6292109999999997,OPTIMAL,1
0.0,0.0,-3.1384855010843307,2.6292109999999997,OPTIMAL,1
0.0,0.0,1.0,2.6292109999999997,OPTIMAL,1
0.0,0.0,-1000.0,2.6292109999999997,OPTIMAL,1
0.0,0.0,1.9063583576713363,2.6292109999999997,OPTIMAL,1
0.0,0.0,1.0000000001164153,2.6292109999999997,OPTIMAL,1
0.0,0.0,1.0,2.6292109999999997,OPTIMAL,1
0.0,0.0,-1000.0,2.6292109999999997,OPTIMAL,1
0.0,0.0,1.0,2.6292109999999997,OPTIMAL,1
0.0,0.0,-1.0,2.6292109999999997,OPTIMAL,1
0.0,0.0,-1.0,2.6292109999999997,OPTIMAL,1
0.0,0.0,-2.231423232569698,2.6292109999999997,OPTIMAL,1
0.0,0.0,-1.0,2.6292109999999997,OPTIMAL,1
0.0,0.0,-1.0,2.6292109999999997,OPTIMAL,1
0.0,0.0,-1.0,2.6292109999999997,OPTIMAL,1
0.0,0.0,-1.0,2.6292109999999997,OPTIMAL,1
0.0,0.0,-1.0,2.6292109999999997,OPTIMAL,1
0.0,0.0,1.0,2.6292109999999997,OPTIMAL,1
0.0,0.0,-1.0,2.6292109999999997,OPTIMAL,1
0.0,0.0,-10.619381694057665,2.6292109999999997,OPTIMAL,1
0.0,0.0,-1.0,2.6292109999999997,OPTIMAL,1
0.0,0.0,-1.0,2.6292109999999997,OPTIMAL,1
0.0,0.0,1000.0,2.6292109999999997,OPTIMAL,1
0.0,0.0,1.0,2.6292109999999997,OPTIMAL,1
0.0,0.0,1.0,2.6292109999999997,OPTIMAL,1
0.0,0.0,999.6625114725532,2.6292109999999997,OPTIMAL,1
0.0,0.0,-1.0,2.6292109999999997,OPTIMAL,1
0.0,0.0,1000.0,2.6292109999999997,OPTIMAL,1
0.0,0.0,1000.0,2.6292109999999997,OPTIMAL,1
0.0,0.0,1.0,2.6292109999999997,OPTIMAL,1
0.0,0.0,-1.0,2.6292109999999997,OPTIMAL,1
0.0,0.0,-1.0,2.6292109999999997,OPTIMAL,1
0.0,0.0,-1.0,2.6292109999999997,OPTIMAL,1
0.0,0.0,-1.0,2.6292109999999997,OPTIMAL,1
0.0,0.0,-1.0,2.6292109999999997,OPTIMAL,1
0.0,0.0,-1.0,2.6292109999999997,OPTIMAL,1
0.0,0.0,-1.0,2.6292109999999997,OPTIMAL,1
0.0,0.0,-1.0,2.6292109999999997,OPTIMAL,1
0.0,0.0,-1.0,2.6292109999999997,OPTIMAL,1
0.0,0.0,-1.0,2.6292109999999997,OPTIMAL,1
0.0,0.0,-1.0,2.6292109999999997,OPTIMAL,1
0.0,0.0,-1.0,2.6292109999999997,OPTIMAL,1
0.0,0.0,-1.0,2.6292109999999997,OPTIMAL,1
0.0,0.0,1.0,2.6292109999999997,OPTIMAL,1
0.0,0.0,-1.0,2.6292109999999997,OPTIMAL,1
0.0,0.0,-1.0,2.6292109999999997,OPTIMAL,1
0.0,0.0,-1.0,2.6292109999999997,OPTIMAL,1
0.0,0.0,-4.2362904306028115,2.6292109999999997,OPTIMAL,1
0.0,0.0,-1000.0,2.6292109999999997,OPTIMAL,1
0.0,0.0,1.0,2.6292109999999997,OPTIMAL,1
0.0,0.0,-1000.0,2.6292109999999997,OPTIMAL,1
0.0,0.0,1.0,2.6292109999999997,OPTIMAL,1
0.0,0.0,1.0,2.6292109999999997,OPTIMAL,1
0.0,0.0,-1.0,2.6292109999999997,OPTIMAL,1
0.0,0.0,-1.0,2.6292109999999997,OPTIMAL,1
0.0,0.0,1.0,2.6292109999999997,OPTIMAL,1
0.0,0.0,-1.0,2.6292109999999997,OPTIMAL,1
0.0,0.0,1.0,2.6292109999999997,OPTIMAL,1
0.0,0.0,1000.0,2.6292109999999997,OPTIMAL,1
0.0,0.0,-328.5954657822332,2.6292109999999997,OPTIMAL,1
0.0,0.0,1.0,2.6292109999999997,OPTIMAL,1
0.0,0.0,-1.0,2.6292109999999997,OPTIMAL,1
0.0,0.0,-1.0,2.6292109999999997,OPTIMAL,1
0.0,0.0,1.0,2.6292109999999997,OPTIMAL,1
0.0,0.0,1.0,2.6292109999999997,OPTIMAL,1
0.0,0.0,-1000.0,2.6292109999999997,OPTIMAL,1
0.0,0.0,1000.0,2.6292109999999997,OPTIMAL,1
0.0,0.0,-1.0,2.6292109999999997,OPTIMAL,1
0.0,0.0,-1.0,2.6292109999999997,OPTIMAL,1
0.0,0.0,1000.0,2.6292109999999997,OPTIMAL,1
0.0,0.0,-999.7780855017161,2.6292109999999997,OPTIMAL,1
0.0,0.0,1.0,2.6292109999999997,OPTIMAL,1
0.0,0.0,994.8815874062026,2.6292109999999997,OPTIMAL,1
0.0,0.0,-1.0,2.6292109999999997,OPTIMAL,1
0.0,0.0,-1.61343344947031,2.6292109999999997,OPTIMAL,1
0.0,0.0,-1.0,2.6292109999999997,OPTIMAL,1
0.0,0.0,1000.0,2.6292109999999997,OPTIMAL,1
0.0,0.0,-1.0,2.6292109999999997,OPTIMAL,1
0.0,0.0,1.0,2.6292109999999997,OPTIMAL,1
0.0,0.0,1.0,2.6292109999999997,OPTIMAL,1
0.0,0.0,-1.0,2.6292109999999997,OPTIMAL,1
0.0,0.0,1.0,2.6292109999999997,OPTIMAL,1
0.0,0.0,-1.0,2.6292109999999997,OPTIMAL,1
0.0,0.0,-1.0,2.6292109999999997,OPTIMAL,1
0.0,0.0,-1000.0,2.6292109999999997,OPTIMAL,1
0.0,0.0,1.0,2.6292109999999997,OPTIMAL,1
0.0,0.0,1.0,2.6292109999999997,OPTIMAL,1
0.0,0.0,-1.0,2.6292109999999997,OPTIMAL,1
0.0,0.0,1.0,2.6292109999999997,OPTIMAL,1
0.0,0.0,-1.0,2.6292109999999997,OPTIMAL,1
0.0,0.0,1.0,2.6292109999999997,OPTIMAL,1
0.0,0.0,1.0,2.6292109999999997,OPTIMAL,1
0.0,0.0,1.0,2.6292109999999997,OPTIMAL,1
0.0,0.0,1.0,2.6292109999999997,OPTIMAL,1
0.0,0.0,-1.0,2.6292109999999997,OPTIMAL,1
0.0,0.0,-1.0,2.6292109999999997,OPTIMAL,1
0.0,0.0,-1.0,2.6292109999999997,OPTIMAL,1
0.0,0.0,1.0,2.6292109999999997,OPTIMAL,1
0.0,0.0,1.0,2.6292109999999997,OPTIMAL,1
0.0,0.0,-1.0,2.6292109999999997,OPTIMAL,1
0.0,0.0,-1.0,2.6292109999999997,OPTIMAL,1
0.0,0.0,1.0,2.6292109999999997,OPTIMAL,1
0.0,0.0,1000.0,2.6292109999999997,OPTIMAL,1
0.0,0.0,-999.7971996508322,2.6292109999999997,OPTIMAL,1
0.0,0.0,999.185368713142,2.6292109999999997,OPTIMAL,1
0.0,0.0,-1.0,2.6292109999999997,OPTIMAL,1
0.0,0.0,-7.592400898194061,2.6292109999999997,OPTIMAL,1
0.0,0.0,1.0,2.6292109999999997,OPTIMAL,1
0.0,0.0,-1.0,2.6292109999999997,OPTIMAL,1
0.0,0.0,1.0,2.6292109999999997,OPTIMAL,1
0.0,0.0,999.3773763302086,2.6292109999999997,OPTIMAL,1
0.0,0.0,1.0,2.6292109999999997,OPTIMAL,1
0.0,0.0,1.0,2.6292109999999997,OPTIMAL,1
0.0,0.0,-1.0,2.6292109999999997,OPTIMAL,1
0.0,0.0,1.0,2.6292109999999997,OPTIMAL,1
0.0,0.0,1.0,2.6292109999999997,OPTIMAL,1
0.0,0.0,1000.0000000001182,2.6292109999999997,OPTIMAL,1
0.0,0.0,1000.0,2.6292109999999997,OPTIMAL,1
0.0,0.0,1.0,2.6292109999999997,OPTIMAL,1
0.0,0.0,-1.0,2.6292109999999997,OPTIMAL,1
0.0,0.0,999.3707508759844,2.6292109999999997,OPTIMAL,1
0.0,0.0,-1.0,2.6292109999999997,OPTIMAL,1
0.0,0.0,1000.0,2.6292109999999997,OPTIMAL,1
0.0,0.0,1.0,2.6292109999999997,OPTIMAL,1
0.0,0.0,1.0,2.6292109999999997,OPTIMAL,1
0.0,0.0,1.0,2.6292109999999997,OPTIMAL,1
0.0,0.0,1.0,2.6292109999999997,OPTIMAL,1
0.0,0.0,-1.0,2.6292109999999997,OPTIMAL,1
0.0,0.0,1.0,2.6292109999999997,OPTIMAL,1
0.0,0.0,-1.0,2.6292109999999997,OPTIMAL,1
0.0,0.0,-1.0,2.6292109999999997,OPTIMAL,1
0.0,0.0,-1.0,2.6292109999999997,OPTIMAL,1
0.0,0.0,-1.0,2.6292109999999997,OPTIMAL,1
0.0,0.0,-1.0,2.6292109999999997,OPTIMAL,1
0.0,0.0,1.0,2.6292109999999997,OPTIMAL,1
0.0,0.0,-1.0,2.6292109999999997,OPTIMAL,1
0.0,0.0,1.0,2.6292109999999997,OPTIMAL,1
0.0,0.0,1.0,2.6292109999999997,OPTIMAL,1
0.0,0.0,-1000.0,2.6292109999999997,OPTIMAL,1
0.0,0.0,1.0,2.6292109999999997,OPTIMAL,1
0.0,0.0,1.0,2.6292109999999997,OPTIMAL,1
0.0,0.0,-8.705896593790808,2.6292109999999997,OPTIMAL,1
0.0,0.0,1.0,2.6292109999999997,OPTIMAL,1
0.0,0.0,1.0,2.6292109999999997,OPTIMAL,1
0.0,0.0,1.0,2.6292109999999997,OPTIMAL,1
0.0,0.0,-8.082089049447388,2.6292109999999997,OPTIMAL,1
0.0,0.0,1.0,2.6292109999999997,OPTIMAL,1
0.0,0.0,-1.0,2.6292109999999997,OPTIMAL,1
0.0,0.0,-1.0,2.6292109999999997,OPTIMAL,1
0.0,0.0,1.0,2.6292109999999997,OPTIMAL,1
0.0,0.0,7.957364731164868,2.6292109999999997,OPTIMAL,1
0.0,0.0,1.0,2.6292109999999997,OPTIMAL,1
0.0,0.0,-1.0,2.6292109999999997,OPTIMAL,1
0.0,0.0,-1.0,2.6292109999999997,OPTIMAL,1
0.0,0.0,-1.0,2.6292109999999997,OPTIMAL,1
0.0,0.0,-1.0,2.6292109999999997,OPTIMAL,1
0.0,0.0,1.0,2.6292109999999997,OPTIMAL,1
0.0,0.0,-1.0,2.6292109999999997,OPTIMAL,1
0.0,0.0,-1.0,2.6292109999999997,OPTIMAL,1
0.0,0.0,1.0,2.6292109999999997,OPTIMAL,1
0.0,0.0,-1.0,2.6292109999999997,OPTIMAL,1
0.0,0.0,-1.0,2.6292109999999997,OPTIMAL,1
0.0,0.0,-1.0,2.6292109999999997,OPTIMAL,1
0.0,0.0,-1.0,2.6292109999999997,OPTIMAL,1
0.0,0.0,1.0,2.6292109999999997,OPTIMAL,1
0.0,0.0,1.0,2.6292109999999997,OPTIMAL,1
0.0,0.0,-1.0,2.6292109999999997,OPTIMAL,1
0.0,0.0,1.0,2.6292109999999997,OPTIMAL,1
0.0,0.0,1.0758625483465185,2.6292109999999997,OPTIMAL,1
0.0,0.0,1.0,2.6292109999999997,OPTIMAL,1
0.0,0.0,1.0,2.6292109999999997,OPTIMAL,1
0.0,0.0,1.0,2.6292109999999997,OPTIMAL,1
0.0,0.0,1.0,2.6292109999999997,OPTIMAL,1
0.0,0.0,1.0,2.6292109999999997,OPTIMAL,1
0.0,0.0,1.0,2.6292109999999997,OPTIMAL,1
0.0,0.0,1.0,2.6292109999999997,OPTIMAL,1
0.0,0.0,1.0,2.6292109999999997,OPTIMAL,1
0.0,0.0,1.0,2.6292109999999997,OPTIMAL,1
0.0,0.0,1.0,2.6292109999999997,OPTIMAL,1
0.0,0.0,-1.0,2.6292109999999997,OPTIMAL,1
0.0,0.0,1.0,2.6292109999999997,OPTIMAL,1
0.0,0.0,1.0,2.6292109999999997,OPTIMAL,1
0.0,0.0,1.0,2.6292109999999997,OPTIMAL,1
0.0,0.0,-1.0,2.6292109999999997,OPTIMAL,1
0.0,0.0,1.0,2.6292109999999997,OPTIMAL,1
0.0,0.0,1.0,2.6292109999999997,OPTIMAL,1
0.0,0.0,-1.0,2.6292109999999997,OPTIMAL,1
0.0,0.0,-1.0,2.6292109999999997,OPTIMAL,1
0.0,0.0,1.0,2.6292109999999997,OPTIMAL,1
0.0,0.0,-1.0,2.6292109999999997,OPTIMAL,1
0.0,0.0,1.0,2.6292109999999997,OPTIMAL,1
0.0,0.0,1.0,2.6292109999999997,OPTIMAL,1
0.0,0.0,1.0,2.6292109999999997,OPTIMAL,1
0.0,0.0,1.0,2.6292109999999997,OPTIMAL,1
0.0,0.0,1.0,2.6292109999999997,OPTIMAL,1
0.0,0.0,1.0,2.6292109999999997,OPTIMAL,1
0.0,0.0,1.0,2.6292109999999997,OPTIMAL,1
0.0,0.0,1.0,2.6292109999999997,OPTIMAL,1
